holdout_type,holdout_group,landmark_cycle,horizon_cycle,recalibration_fraction,n_splits,seed,target_cells_total,target_events_total,labelled_cells,events_in_subset,events_in_subset_min,events_in_subset_max,one_class_share,sd_eta,mean_eta,n_eff_mean,n_eff_median,n_eff_p05,n_eff_p95,se_slope_at_mean_neff,log_loss_before,log_loss_after,log_loss_gain,se
chemistry,LFP,150,500,0.3,100,20260702,232,26,70.0,7.64,4,15,0.0,0.3660156543721813,-1.5010102761812965,2.75038336432216,2.72565906885834,1.903989885579276,3.550525463257617,0.6029806612979303,0.3193273347202233,0.2671002509554934,0.0522270837647299,0.6029806612979302
chemistry,LFP,150,800,0.3,100,20260702,206,43,62.0,12.99,7,20,0.0,0.2271737213998691,-0.958230298452891,1.1513614051421903,1.1350523943617112,0.7181934107220896,1.6451763417416712,0.9319533339871556,0.5076008672103967,0.4947040525029526,0.0128968147074442,0.9319533339871557
chemistry,LFP,150,1000,0.3,100,20260702,174,44,53.0,13.39,7,19,0.0,0.2560562280394604,-0.6943953810925203,1.447754291496636,1.4105909950146351,0.8493540167270742,2.198726780869024,0.8310986359476018,0.6417160760825067,0.5858081302453446,0.0559079458371621,0.831098635947602
chemistry,LFP,200,500,0.3,100,20260702,231,25,70.0,7.42,3,14,0.0,0.3997304271282326,-1.63949805359919,2.991223820370186,3.027012063747666,2.108925153369197,3.828551431258457,0.5781966148419644,0.2947616229343737,0.236937610406791,0.0578240125275827,0.5781966148419644
chemistry,LFP,200,800,0.3,100,20260702,205,42,62.0,12.82,7,20,0.0,0.2351724470035524,-1.03126854098042,1.2010754018539438,1.185446377219019,0.7005360250739813,1.838181091285288,0.9124621609445692,0.491345422024057,0.4791979930082828,0.0121474290157742,0.9124621609445692
chemistry,LFP,200,1000,0.3,100,20260702,173,43,52.0,12.89,6,21,0.0,0.2537610059757737,-0.7490443088064259,1.3591640393418012,1.2392297469293292,0.8514188561040225,2.1256833874718715,0.857756587839113,0.6275746553726782,0.5923870757306378,0.0351875796420404,0.857756587839113
chemistry,LFP,300,500,0.3,100,20260702,231,25,70.0,7.65,3,12,0.0,0.4709126626217833,-1.977356284254334,3.368110362946625,3.4447098804927867,2.354309833058376,4.215355300394731,0.5448874976437398,0.2670344425145887,0.2696981096156834,-0.0026636671010947,0.5448874976437398
chemistry,LFP,300,800,0.3,100,20260702,205,42,62.0,12.68,7,20,0.0,0.2484122572984077,-1.2054661617488174,1.16231690000442,1.141277744033295,0.7644834411382073,1.681135652023245,0.927550841517314,0.4820796040425661,0.5039569675607024,-0.0218773635181362,0.9275508415173139
chemistry,LFP,300,1000,0.3,100,20260702,173,43,52.0,12.81,7,20,0.0,0.2921741529926672,-0.8857570093219631,1.625345804794896,1.5551335226435317,0.8898161345272235,2.5910013965808294,0.7843810856876045,0.6271504444805369,0.5737692300592462,0.0533812144212908,0.7843810856876045
chemistry,NCA,150,500,0.3,100,20260702,62,44,19.0,13.38,10,17,0.0,0.7618275250545337,-0.0889969462842504,2.9498216039529144,3.047178631760184,1.722425494431573,3.9772633713225622,0.5822401149777757,0.9267634428264216,0.6104344441661422,0.3163289986602792,0.5822401149777757
chemistry,NCA,150,800,0.3,100,20260702,62,61,19.0,18.69,18,19,0.69,0.7968145308445931,0.0279342458301757,3.282700105797278,3.3092743274111123,1.752987772498798,4.641442566814222,0.5519305016890734,0.5817148135461132,0.4283579028190686,0.1533569107270444,0.5519305016890734
chemistry,NCA,150,1000,0.3,100,20260702,62,62,19.0,19.0,19,19,1.0,0.8100700997537987,0.01260987341281,3.4384115513496982,3.443692709436265,2.196753404269037,4.585300042213555,0.5392883908469351,0.5450782139744154,0.5450782139744154,0.0,0.5392883908469351
chemistry,NCA,200,500,0.3,100,20260702,51,33,16.0,10.64,7,13,0.0,0.4788314183786423,0.073308341428519,1.2181000419565249,1.2132293954721176,0.4624618218960309,1.9909668556710125,0.9060632608092352,0.8245991350080084,0.7635812100010171,0.0610179250069915,0.906063260809235
chemistry,NCA,200,800,0.3,100,20260702,51,50,16.0,15.78,15,16,0.78,0.539808739884105,0.1946966852506877,1.6144472016419966,1.629906762665005,0.8355788374025546,2.4312352442143097,0.7870241821484206,0.4465742818073518,0.3705998481078215,0.0759744336995303,0.7870241821484206
chemistry,NCA,200,1000,0.3,100,20260702,51,51,16.0,16.0,16,16,1.0,0.5485549871550417,0.1906211419520438,1.6183936798583365,1.549180978271707,0.8937068244740494,2.6126683944222315,0.7860640110748385,0.4032979414222475,0.4032979414222475,0.0,0.7860640110748385
chemistry,NCA,300,500,0.3,100,20260702,47,29,15.0,9.06,5,12,0.0,0.5357679737952168,-0.3132978832934961,1.3489574228561745,1.3696216405195178,0.8279601731535937,1.8786409267717403,0.86099549456479,0.8835066456738057,0.7370841403660736,0.1464225053077319,0.86099549456479
chemistry,NCA,300,800,0.3,100,20260702,47,46,15.0,14.67,14,15,0.67,0.6352371752936892,-0.1186243973033995,2.035981639118769,2.0892715907529755,1.297257953728853,2.793063419526117,0.7008306249938101,0.6397023116579729,0.4517997689014523,0.1879025427565207,0.7008306249938101
chemistry,NCA,300,1000,0.3,100,20260702,47,47,15.0,15.0,15,15,1.0,0.6497078291567009,-0.1417340453211426,2.0908908332387632,2.1551357452429167,1.2935555082003505,2.866775593167122,0.6915670941721976,0.5975754928330066,0.5975754928330066,0.0,0.6915670941721976
chemistry,NMC,150,500,0.3,100,20260702,130,41,39.0,12.09,7,19,0.0,0.7636649064091239,-0.1195164044717256,4.367554307330406,4.3670844103126925,3.3372453798695414,5.317491000772988,0.4784987891116444,1.593978511452237,0.6264727190766043,0.9675057923756324,0.4784987891116444
chemistry,NMC,150,800,0.3,100,20260702,115,66,35.0,20.09,16,26,0.0,0.800238439206704,0.233429389731352,5.203477618689131,5.180137914241543,3.8457438951155662,6.327307061745099,0.4383824450209729,0.9000685672681665,0.734397271247487,0.1656712960206793,0.4383824450209729
chemistry,NMC,150,1000,0.3,100,20260702,112,84,34.0,25.51,21,31,0.0,0.8178917559634412,0.3324484121712581,5.6268914518664905,5.515479517477272,4.41317027846619,6.92858502255226,0.4215661497947671,0.7285057165589873,0.5987652108936764,0.1297405056653109,0.42156614979476714
chemistry,NMC,200,500,0.3,100,20260702,123,34,37.0,10.32,6,15,0.0,0.7799050216138345,-0.2008570804326417,3.85422193060497,3.850097302065668,2.903962833683868,4.818530910385255,0.5093679801362415,1.5690390289194958,0.6048599093719451,0.9641791195475504,0.5093679801362415
chemistry,NMC,200,800,0.3,100,20260702,108,59,33.0,18.5,12,23,0.0,0.8127507794171028,0.2228178621224519,4.800536109299877,4.893229961135116,3.8276636836886335,5.667497144740049,0.4564099772124799,0.881234168156159,0.7369041431317617,0.1443300250243974,0.45640997721247994
chemistry,NMC,200,1000,0.3,100,20260702,105,77,32.0,23.49,19,28,0.0,0.801811715779992,0.3591406221292708,4.790045341675756,4.68743534937759,3.660392205176775,5.957345167966456,0.4569094998595502,0.7173882855273813,0.6179484542589379,0.0994398312684433,0.4569094998595502
chemistry,NMC,300,500,0.3,100,20260702,116,27,35.0,8.16,4,14,0.0,0.5434520106018805,-0.5903378979723485,3.5675182637841663,3.5823608208462603,3.002445156707649,4.315706264006173,0.5294401799489868,0.7317696393384305,0.5687174676769573,0.1630521716614731,0.5294401799489868
chemistry,NMC,300,800,0.3,100,20260702,101,52,31.0,16.08,10,21,0.0,0.6246900372145003,-0.0249068138093884,5.18380518659217,5.128510690799786,4.139981564802581,6.139899785583779,0.439213483422244,0.8856824559985461,0.7285458076788125,0.1571366483197336,0.43921348342224403
chemistry,NMC,300,1000,0.3,100,20260702,98,70,30.0,21.88,18,26,0.0,0.6554972225176137,0.2043315530530561,5.09234493154224,5.091851292013875,3.9767412441872754,6.01397436059807,0.4431401429691082,0.7667894898409606,0.6458413078075081,0.1209481820334527,0.4431401429691082
chemistry,NMC/NCA,150,500,0.3,100,20260702,9,6,3.0,2.12,0,3,0.34,0.0699954975842593,0.2509387926239455,0.0078795623570161,0.0058544969660011,0.0006591069571367,0.0205210712791125,11.265460563934584,0.6846435447138812,0.766935843853026,-0.0822922991391448,11.265460563934637
chemistry,NMC/NCA,150,800,0.3,100,20260702,9,9,3.0,3.0,3,3,1.0,0.0605298454298427,0.2480521633293924,0.0058797780300232,0.0035264520447486,0.0005515621579628,0.0179136707484097,13.041259430001649,0.3235508457944113,0.3235508457944113,0.0,13.041259430001661
chemistry,NMC/NCA,150,1000,0.3,100,20260702,9,9,3.0,3.0,3,3,1.0,0.0643649503938203,0.2517418531755354,0.0065775334485136,0.0040252968445267,0.000568208506958,0.0189529725295851,12.330153049648183,0.3244375327692804,0.3244375327692804,0.0,12.330153049648265
chemistry,NMC/NCA,200,500,0.3,100,20260702,9,6,3.0,2.0,0,3,0.26,0.0773470013557525,0.1925392490887345,0.0090541310439294,0.0068498556384975,0.0011463026391366,0.0232800888941066,10.509368298095316,0.6609889738437157,0.7604626359325599,-0.0994736620888444,10.509368298095337
chemistry,NMC/NCA,200,800,0.3,100,20260702,9,9,3.0,3.0,3,3,1.0,0.0693878271765594,0.194117872099662,0.0074636413325599,0.004582012692264,0.0006562011883768,0.0232711438030223,11.575096475866674,0.3547365751805637,0.3547365751805637,0.0,11.575096475866749
chemistry,NMC/NCA,200,1000,0.3,100,20260702,9,9,3.0,3.0,3,3,1.0,0.0684772322208652,0.187523480224046,0.0075188046482194,0.0042225100938942,0.0005335540540179,0.0222949007764734,11.532556723371624,0.3530309316218374,0.3530309316218374,0.0,11.532556723371663
chemistry,NMC/NCA,300,500,0.3,100,20260702,9,6,3.0,1.95,0,3,0.23,0.0864638915113997,-0.0331440027990111,0.0104287543046276,0.0075027720212377,0.0012098072957379,0.0270700457657218,9.792279073248128,0.6676669827037949,0.75323104007697,-0.085564057373175,9.79227907324816
chemistry,NMC/NCA,300,800,0.3,100,20260702,9,9,3.0,3.0,3,3,1.0,0.0903625005953654,-0.0342497366181621,0.011458364989716,0.0074562001288725,0.0005622642543865,0.0284496728358854,9.341974425229337,0.4798325435703073,0.4798325435703073,0.0,9.341974425229344
chemistry,NMC/NCA,300,1000,0.3,100,20260702,9,9,3.0,3.0,3,3,1.0,0.0964969872652209,-0.0268126246421366,0.0128144832277424,0.0104100632168644,0.0012433649178991,0.0312066034493364,8.833838424113274,0.481951485131493,0.481951485131493,0.0,8.833838424113296
source,BatteryLife SNL,150,500,0.3,100,20260702,60,20,18.0,5.99,1,10,0.0,0.6506007647806694,-0.1664255291821883,2.860838896331363,2.9224471681545774,1.9010068562383395,3.607484716300222,0.5912256930694656,0.8118716645119237,0.7420710135199399,0.0698006509919836,0.5912256930694656
source,BatteryLife SNL,150,800,0.3,100,20260702,48,27,15.0,8.39,5,12,0.0,0.6567211485221278,0.0094286354391861,2.488060519059244,2.507808347340742,1.8070101260723008,3.283155737425822,0.6339712012446708,0.6709518583187656,0.8922147077640245,-0.2212628494452588,0.6339712012446708
source,BatteryLife SNL,150,1000,0.3,100,20260702,47,28,15.0,8.8,5,12,0.0,0.5955011059569149,0.1342002141215131,1.890725890505472,1.9410350893918449,1.053136966292452,2.607913020008092,0.7272533231136422,0.70110880450312,0.9975486921353331,-0.2964398876322134,0.7272533231136422
source,BatteryLife SNL,200,500,0.3,100,20260702,56,16,17.0,4.54,1,8,0.0,0.6372797702959025,-0.234551407824108,2.468694478650603,2.4781189128810963,1.6550543599471872,3.126534321706377,0.6364529841865971,0.7225361066407813,0.6467429431199835,0.0757931635207975,0.6364529841865971
source,BatteryLife SNL,200,800,0.3,100,20260702,44,23,14.0,7.42,3,12,0.0,0.5597880205134708,0.0486704079739253,1.9224977602185995,1.9279044616303265,1.173099512727592,2.5111857522394554,0.7212188660976546,0.6239892406482351,1.2641602907906266,-0.6401710501423914,0.7212188660976546
source,BatteryLife SNL,200,1000,0.3,100,20260702,43,24,13.0,7.29,3,11,0.0,0.5108559460139701,0.1788326865573356,1.3765707721289746,1.3512700545388592,0.7866544502926904,1.958653959464514,0.8523161700223453,0.6512776064795319,1.1222696319081258,-0.470992025428594,0.8523161700223453
source,BatteryLife SNL,300,500,0.3,100,20260702,55,15,17.0,4.41,1,8,0.0,0.6844888054386182,-0.6509829391879368,2.354722141331373,2.351620925187469,1.7921250629230916,2.920355809300411,0.6516736579959497,0.6647524013052633,0.7134008941863231,-0.0486484928810601,0.6516736579959497
source,BatteryLife SNL,300,800,0.3,100,20260702,43,22,13.0,6.72,2,10,0.0,0.6243274535262481,-0.2514307805206507,2.067531796733672,2.055966354496853,1.222852831334625,3.0305407352437066,0.6954627945706034,0.6959635511580596,1.1924270629049438,-0.4964635117468838,0.6954627945706033
source,BatteryLife SNL,300,1000,0.3,100,20260702,42,23,13.0,7.18,3,11,0.0,0.5829459756335669,-0.1178987146575966,1.6437797189433598,1.5817780076429515,0.8783244823064726,2.6621589077053955,0.779970525078793,0.7383990632754941,0.9708082538044408,-0.2324091905289464,0.779970525078793
source,CALB,150,500,0.3,100,20260702,23,4,7.0,1.25,0,4,0.19,0.2433806013161569,-0.8708817434810776,0.2196452349207045,0.1686449392118328,0.0061390026053595,0.5468938822437973,2.1337282492043816,0.4294718905180149,0.2534301967185867,0.1760416937994282,2.1337282492043816
source,CALB,150,800,0.3,100,20260702,23,4,7.0,1.4,0,3,0.13,0.1730521698071416,-0.3147343854384987,0.0931310377217228,0.0873415595415133,0.0157234545144505,0.1892373503955636,3.2768214581007022,0.730794774003925,0.6226765458360491,0.1081182281678758,3.276821458100703
source,CALB,150,1000,0.3,100,20260702,21,4,7.0,1.2,0,4,0.18,0.1953491731108022,-0.0460861214891215,0.1271599355208956,0.0674770212886277,0.012165868339501,0.3037170658262044,2.8043024440650988,0.9514347203163536,0.5210661356636452,0.4303685846527083,2.804302444065099
source,CALB,200,500,0.3,100,20260702,23,4,7.0,1.14,0,3,0.25,0.2417021551880351,-1.0522256149571432,0.1645529259665265,0.1199761923038884,0.00214073306891,0.4174449921772747,2.46517182528318,0.4459455072135589,0.610489766762911,-0.1645442595493521,2.4651718252831794
source,CALB,200,800,0.3,100,20260702,23,4,7.0,1.22,0,4,0.21,0.2269556222333503,-0.4277318990018221,0.1238005701801901,0.0730468976944413,0.0144693636042283,0.3697958393409634,2.842095569166564,0.7446245170605956,0.6177890842599695,0.1268354328006261,2.8420955691665637
source,CALB,200,1000,0.3,100,20260702,21,4,7.0,1.3,0,3,0.14,0.286393753825849,-0.148839635302147,0.1970051326244472,0.1331414209534924,0.0208406684631637,0.5109201876129833,2.25300019573178,0.9788579397143636,0.3625695985706954,0.6162883411436683,2.2530001957317802
source,CALB,300,500,0.3,100,20260702,20,1,6.0,0.31,0,1,0.69,0.1052442676264708,-1.4865985690508876,0.0135043077088275,0.0123774058997267,0.0011504665802803,0.0271392046424455,8.605256844006693,0.3112153576489167,0.2774592324849215,0.0337561251639952,8.605256844006716
source,CALB,300,800,0.3,100,20260702,20,1,6.0,0.36,0,1,0.64,0.2764390305912074,-0.5986275034171402,0.1290122744651947,0.0779297084789478,0.0114852562127348,0.3426376667062511,2.78409778040419,0.6557089104964942,0.4487077854568984,0.2070011250395957,2.784097780404191
source,CALB,300,1000,0.3,100,20260702,18,1,6.0,0.27,0,1,0.73,0.2569273321356322,-0.2119650653419548,0.1380215822250264,0.0353372042694711,0.0096522482423515,0.4533605128895292,2.691699037163389,0.9360646978824992,0.7030204681923534,0.2330442296901455,2.691699037163389
source,HUST,150,500,0.3,100,20260702,77,0,24.0,0.0,0,0,1.0,0.0993249133992989,-0.939375094715884,0.0755715022020241,0.0640182949109492,0.0423618864889444,0.1209316774736135,3.637650517165015,0.3923936146997208,0.3923936146997208,0.0,3.637650517165016
source,HUST,150,800,0.3,100,20260702,77,0,24.0,0.0,0,0,1.0,0.1128919828653382,-0.3229330950076926,0.160994401634256,0.1202257634507371,0.0797272631677306,0.319703077650681,2.492267262902232,0.7290236250492435,0.7290236250492435,0.0,2.4922672629022316
source,HUST,150,1000,0.3,100,20260702,77,1,24.0,0.29,0,1,0.71,0.1426745623986493,-0.002871764244035,0.2938493156044219,0.2485697550084626,0.1257227074266936,0.5677230554385359,1.844750591314347,0.9855484131654004,0.7010963168345896,0.284452096330811,1.844750591314347
source,HUST,200,500,0.3,100,20260702,77,0,24.0,0.0,0,0,1.0,0.0991619727300912,-1.093630622924219,0.0680439191294002,0.056748599583233,0.0396669558314308,0.1118249882805075,3.833587145466452,0.3374206599315613,0.3374206599315613,0.0,3.8335871454664554
source,HUST,200,800,0.3,100,20260702,77,0,24.0,0.0,0,0,1.0,0.1153784718816464,-0.4018638143856225,0.1669875637698854,0.1112658887915113,0.0717013762523833,0.3419943685309564,2.447135040027483,0.6735406140794844,0.6735406140794844,0.0,2.4471350400274834
source,HUST,200,1000,0.3,100,20260702,77,1,24.0,0.34,0,1,0.66,0.1506215403953592,-0.0592951730555968,0.327143605035052,0.301383303109936,0.1241494054926784,0.5983321886765154,1.7483596800393806,0.9323081528029846,0.6168800687687694,0.3154280840342152,1.7483596800393806
source,HUST,300,500,0.3,100,20260702,77,0,24.0,0.0,0,0,1.0,0.0966224194527702,-1.4672994534088195,0.048312933119684,0.0374134992461199,0.0264766041516668,0.0912900991999807,4.549548484471714,0.2316475038664079,0.2316475038664079,0.0,4.549548484471718
source,HUST,300,800,0.3,100,20260702,77,0,24.0,0.0,0,0,1.0,0.1200617625733273,-0.571866101720006,0.1671314605434612,0.1081521871002137,0.0697193528754834,0.3505379412777571,2.4460813465352733,0.5677518314305965,0.5677518314305965,0.0,2.4460813465352738
source,HUST,300,1000,0.3,100,20260702,77,1,24.0,0.34,0,1,0.66,0.1585780223859679,-0.1785369266061092,0.3503537204635145,0.333131159679766,0.1381943184717171,0.6065528820864223,1.689455018169082,0.829110289331341,0.5495427032651297,0.2795675860662112,1.6894550181690822
source,MATR,150,500,0.3,100,20260702,137,26,42.0,8.14,3,13,0.0,0.3205133769263305,-1.0008223865231671,1.538807296862747,1.533666414219026,1.125971088495682,1.9751320055052677,0.8061351933138892,0.4628336287062012,0.4325804391718452,0.0302531895343559,0.8061351933138892
source,MATR,150,800,0.3,100,20260702,111,43,34.0,13.1,6,20,0.0,0.2005607255432161,-0.5484672638167948,0.5240640685047092,0.5272777413215137,0.2875220215916697,0.8232529079186495,1.3813629642307288,0.6901350370831838,0.710778411642093,-0.020643374558909,1.3813629642307288
source,MATR,150,1000,0.3,100,20260702,79,43,24.0,13.03,8,16,0.0,0.2755631957767051,-0.4297659960368989,0.6797750121455121,0.6862692351377636,0.4739651201548039,0.9364940976244678,1.212878791043804,0.81625645589016,0.4817476434853719,0.3345088124047881,1.2128787910438041
source,MATR,200,500,0.3,100,20260702,136,25,41.0,7.31,3,12,0.0,0.3441154328267258,-1.130952427735423,1.618113332859231,1.633695555633906,1.0746223667408432,2.0589251997753832,0.7861321030736664,0.4353093383488582,0.4405232727998836,-0.0052139344510253,0.7861321030736664
source,MATR,200,800,0.3,100,20260702,110,42,33.0,12.67,7,19,0.0,0.1804828249563664,-0.6201266922577792,0.4585097685578591,0.4540708749350399,0.2699326885050997,0.6225838770057494,1.4768136697006276,0.6790911872015214,0.7091968117957914,-0.0301056245942701,1.4768136697006276
source,MATR,200,1000,0.3,100,20260702,78,42,24.0,12.9,6,17,0.0,0.2526822156549628,-0.4809548424285899,0.6492442805262086,0.630559981657643,0.4382153710401711,0.912708757083035,1.2410690172724972,0.819184492054595,0.4815519552485234,0.3376325368060717,1.2410690172724972
source,MATR,300,500,0.3,100,20260702,136,25,41.0,7.28,3,12,0.0,0.4103316378716491,-1.4654482448194184,1.8192241760652947,1.811064454989408,1.3343472289377831,2.359078949326822,0.7414073559149303,0.4093310553113993,0.4089837865101215,0.0003472688012777,0.7414073559149303
source,MATR,300,800,0.3,100,20260702,110,42,33.0,12.53,8,18,0.0,0.2291160013756805,-0.8081904445439092,0.556712838047621,0.5420842677800135,0.3893639273582339,0.7681365249515787,1.3402455742521566,0.6994558608476446,0.6920377672231681,0.0074180936244763,1.3402455742521566
source,MATR,300,1000,0.3,100,20260702,78,42,24.0,13.39,9,20,0.0,0.3400455088045372,-0.670116675554887,0.8979908448573991,0.9095084873081016,0.585579542069734,1.1988495294572066,1.0552711022601275,0.8796703262352734,0.4257207328527427,0.4539495933825307,1.0552711022601275
source,SDU,150,500,0.3,100,20260702,62,29,19.0,8.85,5,14,0.0,0.411465547059929,-0.4804126881917324,0.8555517282093976,0.8544728069058743,0.4768582926481524,1.2391196031570515,1.0811273734606408,0.7939591172540499,0.7160032181263096,0.0779558991277401,1.0811273734606408
source,SDU,150,800,0.3,100,20260702,62,38,19.0,11.35,6,17,0.0,0.6307557855449875,-0.0736391922511015,2.446295675437287,2.4128121434479555,1.75243839897208,3.2606229227723365,0.639360094227458,1.019949755247702,0.4836798811379893,0.5362698741097125,0.639360094227458
source,SDU,150,1000,0.3,100,20260702,62,55,19.0,17.01,14,19,0.08,0.6962511071750447,0.010912013605343,3.14616853472482,3.173506696720427,2.247385205316502,3.969456643891622,0.5637791471965081,0.6958311679451269,0.3821335690753111,0.3136975988698157,0.5637791471965081
source,SDU,200,500,0.3,100,20260702,58,25,18.0,7.73,2,11,0.0,0.3239823749498301,-0.5310913196289614,0.5826519235167907,0.5611307601188795,0.3185771167896075,0.8855884416496104,1.3100727333615734,0.7299271724190478,0.7715754027464641,-0.041648230327416,1.3100727333615734
source,SDU,200,800,0.3,100,20260702,58,34,18.0,10.02,5,14,0.0,0.5261402578983079,-0.0744687666649964,1.9570847647757312,1.9325148662533669,1.319292534528269,2.683979666557567,0.7148175093429722,0.9863587758198684,0.5698759064460197,0.4164828693738489,0.7148175093429722
source,SDU,200,1000,0.3,100,20260702,58,51,18.0,15.76,13,18,0.07,0.6301828525887186,0.0380271734905566,2.7897672271214047,2.849884305154181,1.9458055318247764,3.46353525755293,0.5987093161103758,0.6638102299439627,0.3844869768518179,0.2793232530921445,0.5987093161103758
source,SDU,300,500,0.3,100,20260702,56,23,17.0,7.18,3,11,0.0,0.3168013501228649,-0.8537893599729443,0.5136630451924938,0.5169217808257061,0.3124595908781558,0.7099652475178402,1.3952782968107678,0.7312432776958856,0.7631281392378217,-0.0318848615419361,1.3952782968107678
source,SDU,300,800,0.3,100,20260702,56,32,17.0,9.7,5,13,0.0,0.6159963192547603,-0.297272129926696,2.2773058538898057,2.234323933020707,1.664655481052643,3.040031525251441,0.6626578067474762,1.053254210445118,0.4953219026665889,0.5579323077785292,0.6626578067474762
source,SDU,300,1000,0.3,100,20260702,56,49,17.0,15.08,13,17,0.05,0.724652065383221,-0.1293357851812069,3.1255772365431005,3.1685822557053545,2.4151509366460457,3.777679411572485,0.5656331866981764,0.7785114274162241,0.3926891780100212,0.3858222494062029,0.5656331866981764
source,Tongji,150,500,0.3,100,20260702,74,38,23.0,12.05,7,20,0.0,0.8915289171020205,0.3488077582730522,2.364935075425088,2.4027057072704165,1.4571332262953682,3.148039033409471,0.6502650144429879,2.660596485389316,0.5703257894780925,2.090270695911224,0.6502650144429879
source,Tongji,150,800,0.3,100,20260702,71,67,22.0,20.8,18,22,0.24,0.9093884383565856,0.4866695480195087,3.245943140393024,3.205467975233258,1.98469497226877,4.4359105014860125,0.5550467269605144,0.4813760598882347,0.3454260882066107,0.1359499716816239,0.5550467269605144
source,Tongji,150,1000,0.3,100,20260702,71,68,22.0,21.1,19,22,0.31,0.9507859522199158,0.4850466088222309,3.6160366002074498,3.6132314041070903,2.468647458920545,4.893931720009052,0.5258762910050979,0.4872915630052873,0.4275706934847584,0.0597208695205288,0.5258762910050979
source,Tongji,200,500,0.3,100,20260702,64,28,20.0,8.8,5,13,0.0,0.8751268901586997,0.4422778934369381,1.1524505200754818,1.1989348784564298,0.3706754953513601,1.812002604732375,0.9315128620560548,2.812327108214532,0.6620986404800786,2.150228467734454,0.9315128620560548
source,Tongji,200,800,0.3,100,20260702,61,57,19.0,17.65,15,19,0.23,0.8408759274203548,0.5681170482404511,1.9878566113553924,1.9985890000120128,1.1873573524131944,2.6810239804399374,0.7092632744607213,0.4159018460380189,0.3873521383300655,0.0285497077079533,0.7092632744607213
source,Tongji,200,1000,0.3,100,20260702,61,58,19.0,18.02,16,19,0.35,0.9009736361834402,0.6380276453766537,2.1061023741468,2.0692585121025724,1.2044663016400878,3.0652575239965545,0.6890651110617051,0.4377358123390618,0.4660277703293558,-0.0282919579902939,0.6890651110617051
source,Tongji,300,500,0.3,100,20260702,59,23,18.0,6.95,3,12,0.0,0.3504893507732764,-0.0728757030555691,0.9392127884342109,0.9274852458052882,0.5663244246925477,1.3452684192501094,1.03185340427452,0.9147905554578208,0.6307575499978302,0.2840330054599905,1.03185340427452
source,Tongji,300,800,0.3,100,20260702,56,52,17.0,15.77,14,17,0.17,0.5254490545849849,0.2205010985636817,2.0567710720397017,2.129768210122485,1.1696056139241346,2.7873583552550687,0.6972797009116196,0.5219190128201813,0.2689022341487067,0.2530167786714745,0.6972797009116196
source,Tongji,300,1000,0.3,100,20260702,56,53,17.0,16.1,15,17,0.37,0.5720679513169946,0.2434336791203383,2.3616279864655896,2.2985081821233573,1.713496217301523,3.143341964552516,0.6507201521562869,0.5439606963605842,0.2604084307292911,0.283552265631293,0.6507201521562869
