link,term,beta,beta_low,beta_high,exp_beta,exp_beta_low,exp_beta_high,boot_sd,alpha,n_bootstrap,converged,seed
cloglog,Intercept,-4.208880842883418,-4.31042008945708,-4.102715847522189,0.014862993057969362,0.013427907486867495,0.016527727605642948,0.054077661888814715,0.03162277660168379,1000,True,20260823
cloglog,log_interval_mid,-0.07671033560872671,-0.11466627398713879,-0.03759599652938701,0.9261580897746841,0.8916636656186429,0.9631019588375326,0.020199596174071494,0.03162277660168379,1000,True,20260823
cloglog,lag_soh,-0.6940949086150466,-0.7516510788040095,-0.6456447970237075,0.49952636044864623,0.47158728183392795,0.5243243503052425,0.025988905288532583,0.03162277660168379,1000,True,20260823
cloglog,delta_soh_10,0.10927973809420964,-0.11340129012615174,0.1427215575869893,1.115474347368759,0.8927923194790335,1.1534085990763594,0.0515792684879972,0.03162277660168379,1000,True,20260823
cloglog,dataset_CALB,-0.04065796313333124,-0.06038672643670265,-0.01994871436565557,0.9601574830471752,0.9414003987567832,0.9802489447065887,0.01032712512095387,0.03162277660168379,1000,True,20260823
cloglog,dataset_HUST,-0.010104908016486894,-0.026638408808206178,0.0042496348876635065,0.9899459750327875,0.9737132640159861,1.0042586773905773,0.007594132648245721,0.03162277660168379,1000,True,20260823
cloglog,dataset_MATR,-0.005665118652307851,-0.02746055679877284,0.016913756345036512,0.9943508978729194,0.9729130566021195,1.0170576037776529,0.01103491960701051,0.03162277660168379,1000,True,20260823
cloglog,dataset_SDU,0.07437009958504039,0.058193756199433996,0.09127943341629419,1.0772054050043092,1.059920341953251,1.0955751027833127,0.008736244622096653,0.03162277660168379,1000,True,20260823
cloglog,dataset_Tongji,0.03897494346705634,0.023400164538227262,0.05453303884219385,1.0397444309331771,1.0236760964691118,1.0560473664196472,0.00819122356573448,0.03162277660168379,1000,True,20260823
cloglog,chemistry_NCA,0.06310504138064896,0.048386435168460265,0.07827471831836062,1.065138716996721,1.0495761701109454,1.0814197036687976,0.007617634341600278,0.03162277660168379,1000,True,20260823
cloglog,chemistry_NMC,0.006739560801144453,-0.01600667493521657,0.030270809896451013,1.0067623227474825,0.9841207510911026,1.0307336290283027,0.012043742871692534,0.03162277660168379,1000,True,20260823
cloglog,chemistry_NMC/NCA,0.010423889209740711,0.00358002547861579,0.017843629983587697,1.0104784072080635,1.0035864414239608,1.0180037786756642,0.0035109372001677305,0.03162277660168379,1000,True,20260823
logit,Intercept,-4.2174108212709855,-4.31551105566637,-4.11883748870813,0.014736751233876794,0.013359720180499482,0.016263409854356738,0.051166071272130284,0.03162277660168379,1000,True,20260823
logit,log_interval_mid,-0.07661786169199233,-0.11384790048963606,-0.039257760096511135,0.9262437392008687,0.8923936782020039,0.9615028401374996,0.018830421324095393,0.03162277660168379,1000,True,20260823
logit,lag_soh,-0.7038044630133318,-0.7610874315839941,-0.6532810881835596,0.4946996525896969,0.4671581481757209,0.5203357055130438,0.02660638254626793,0.03162277660168379,1000,True,20260823
logit,delta_soh_10,0.027565722870345945,-0.1235768980772731,0.0997856325652167,1.027949172657387,0.883753679672305,1.1049340308123072,0.05955320558116844,0.03162277660168379,1000,True,20260823
logit,dataset_CALB,-0.039655086249336016,-0.059066984034339756,-0.01982930832188244,0.9611208857983466,0.9426436249693521,0.9803659993433653,0.010008061180014113,0.03162277660168379,1000,True,20260823
logit,dataset_HUST,-0.010100770974515184,-0.026344672425031676,0.0038420275266601413,0.9899500704893074,0.9739993210390281,1.0038494175756443,0.007416961333115025,0.03162277660168379,1000,True,20260823
logit,dataset_MATR,-0.006272055535161157,-0.026862989108185544,0.01559306148322946,0.9937475727471583,0.973494611752474,1.0157152676295211,0.010552443679238082,0.03162277660168379,1000,True,20260823
logit,dataset_SDU,0.07176263390659027,0.05673495896831682,0.08751986847599216,1.0744002875951075,1.0583752603475949,1.0914639499528078,0.00809851692917431,0.03162277660168379,1000,True,20260823
logit,dataset_Tongji,0.040105064003828725,0.025372345212705098,0.05553459687866953,1.0409201316842203,1.0256969627852275,1.0571055889935854,0.007990011844702612,0.03162277660168379,1000,True,20260823
logit,chemistry_NCA,0.06083046874037082,0.04675633720413717,0.07590648908323873,1.0627187348688596,1.0478666518523092,1.078861684095058,0.007331925912824203,0.03162277660168379,1000,True,20260823
logit,chemistry_NMC,0.008170025295161186,-0.014379226679809875,0.030241597219541207,1.0082034910283677,0.9857236606629813,1.0307035189796176,0.011576743062465722,0.03162277660168379,1000,True,20260823
logit,chemistry_NMC/NCA,0.010302747118904512,0.0035757217751461318,0.017546247447037484,1.0103560031553604,1.003582122294805,1.017701087139563,0.003420538807049077,0.03162277660168379,1000,True,20260823
probit,Intercept,-2.5818384949375544,-2.7009624511975554,-2.5340166144657132,0.07563482188208556,0.06714086183019431,0.07933970243035325,0.04701927889600825,0.03162277660168379,1000,True,20260823
probit,log_interval_mid,-0.1540944091983843,-0.1776857259629295,-0.11770889943130868,0.8571910904675104,0.8372054940989595,0.888954790198429,0.01561204830899976,0.03162277660168379,1000,True,20260823
probit,lag_soh,-0.709984444575812,-0.7703718275073363,-0.6819591227115431,0.49165184525448835,0.4628409393193039,0.5056254391141849,0.022903758172958356,0.03162277660168379,1000,True,20260823
probit,delta_soh_10,0.12856220793794282,-0.21310962199229988,0.17978829179128458,1.137192161470302,0.8080675503862584,1.1969639292063874,0.1393753844775943,0.03162277660168379,1000,True,20260823
probit,dataset_CALB,-0.050795315598484055,-0.07375299902915271,-0.024143582522810805,0.9504731976610336,0.9289011049824853,0.9761455422557608,0.01260038090164823,0.03162277660168379,1000,True,20260823
probit,dataset_HUST,0.013935716167124397,-0.003665489695183624,0.03227040432023843,1.0140332708979296,0.9963412200115452,1.0327967402507412,0.008820326112585368,0.03162277660168379,1000,True,20260823
probit,dataset_MATR,0.05016066502772198,0.015067282113829577,0.07785118763638313,1.0514400124449557,1.0151813658661828,1.0809617862220882,0.01578282274400732,0.03162277660168379,1000,True,20260823
probit,dataset_SDU,0.10427878078977208,0.07853604091342939,0.12282765396779786,1.1099098333291109,1.0817023400001402,1.1306895342991126,0.011353333362746267,0.03162277660168379,1000,True,20260823
probit,dataset_Tongji,-0.013072175563253885,-0.0323745683164073,0.014293998044470025,0.9870128942378162,0.9681438781322629,1.0143966457333398,0.012091838343160638,0.03162277660168379,1000,True,20260823
probit,chemistry_NCA,0.036022447655161535,0.013390140862842301,0.05261475485049228,1.036679117245073,1.0134801902748907,1.054023509448998,0.009959458118047583,0.03162277660168379,1000,True,20260823
probit,chemistry_NMC,-0.044289517780672555,-0.06785249103139925,-0.012868741010592976,0.9566769423894044,0.9343982955408133,0.98721370718988,0.014314770596313503,0.03162277660168379,1000,True,20260823
probit,chemistry_NMC/NCA,0.011447571715726315,0.004535495812926509,0.020973754350052526,1.0115133459101424,1.004545796741446,1.021195249352766,0.004064559819267635,0.03162277660168379,1000,True,20260823
