model,corpus,timescale,variant,window,power,landmark_cycle,horizon_cycle,n_test_before_scoring,n_dropped_unscorable,n_evaluated,n_events,observed_rate,mean_pred,brier,log_loss,auc
wiener,matr,cycle,fair,full,1.0,150,500,41,0,41,13,0.3170731707317073,0.08813724869303388,0.28072728331976343,0.9804549196315641,0.6126373626373627
gamma,matr,cycle,fair,full,1.0,150,500,41,0,41,13,0.3170731707317073,0.07804501319811198,0.2872302590138162,1.0791464103593744,0.6126373626373627
cloglog hazard model,matr,cycle,fair,full,1.0,150,500,41,0,41,13,0.3170731707317073,0.21917134875815242,0.06734277587430297,0.21771544670542847,0.9697802197802198
random forest,matr,cycle,fair,full,1.0,150,500,41,0,41,13,0.3170731707317073,0.2989061543964117,0.049747352152134786,0.1902182272156499,0.9697802197802198
wiener,matr,cycle,fair,full,1.0,150,800,38,0,38,19,0.5,0.4657030008952069,0.23851845976248198,0.67158993986902,0.6426592797783934
gamma,matr,cycle,fair,full,1.0,150,800,38,0,38,19,0.5,0.2945850003172528,0.2967478794533855,0.8090830718348029,0.6426592797783934
cloglog hazard model,matr,cycle,fair,full,1.0,150,800,38,0,38,19,0.5,0.5400543737589352,0.0757918560564281,0.22134380352728233,0.9833795013850417
random forest,matr,cycle,fair,full,1.0,150,800,38,0,38,19,0.5,0.5184117927534512,0.0704674346984498,0.23552967192478425,0.9806094182825484
wiener,matr,cycle,fair,full,1.0,150,1000,32,0,32,22,0.6875,0.677296163262939,0.23920792603176394,0.7018344347413483,0.4545454545454545
gamma,matr,cycle,fair,full,1.0,150,1000,32,0,32,22,0.6875,0.5171578359691753,0.31603239197826244,0.9274711341980981,0.4545454545454545
cloglog hazard model,matr,cycle,fair,full,1.0,150,1000,32,0,32,22,0.6875,0.7319681495168688,0.09818975229467292,0.34515310691578704,0.9181818181818182
random forest,matr,cycle,fair,full,1.0,150,1000,32,0,32,22,0.6875,0.6705144162359845,0.07665560413798284,0.2506701181752248,0.9545454545454546
wiener,matr,cycle,fair,full,1.0,200,500,41,0,41,13,0.3170731707317073,0.04669833406892464,0.29048876091978276,1.3170100470982382,0.728021978021978
gamma,matr,cycle,fair,full,1.0,200,500,41,0,41,13,0.3170731707317073,0.04322674515900682,0.29237973147078455,1.4245124234996849,0.728021978021978
cloglog hazard model,matr,cycle,fair,full,1.0,200,500,41,0,41,13,0.3170731707317073,0.228410400840819,0.05833879629440678,0.19550913885835822,0.989010989010989
random forest,matr,cycle,fair,full,1.0,200,500,41,0,41,13,0.3170731707317073,0.2865328429221324,0.04217170260672579,0.1533676728881329,0.978021978021978
wiener,matr,cycle,fair,full,1.0,200,800,38,0,38,19,0.5,0.35226971731030016,0.240480922787735,0.665057607033685,0.7423822714681441
gamma,matr,cycle,fair,full,1.0,200,800,38,0,38,19,0.5,0.1843945133268432,0.3350814712449054,0.9736825216754726,0.7423822714681441
cloglog hazard model,matr,cycle,fair,full,1.0,200,800,38,0,38,19,0.5,0.5343260296514051,0.0863065140346052,0.24838648659566692,0.9695290858725762
random forest,matr,cycle,fair,full,1.0,200,800,38,0,38,19,0.5,0.5065512125918189,0.0602475817584634,0.2061765345394254,0.9861495844875346
wiener,matr,cycle,fair,full,1.0,200,1000,32,0,32,22,0.6875,0.5918316017641158,0.23712478518525693,0.6761499532006224,0.5590909090909091
gamma,matr,cycle,fair,full,1.0,200,1000,32,0,32,22,0.6875,0.38707349578497247,0.35346476316173453,1.0668215873246099,0.5590909090909091
cloglog hazard model,matr,cycle,fair,full,1.0,200,1000,32,0,32,22,0.6875,0.7450318871319905,0.09972326618271074,0.63642552814686,0.9136363636363636
random forest,matr,cycle,fair,full,1.0,200,1000,32,0,32,22,0.6875,0.6830087532651454,0.07184485971162244,0.22772359413051302,0.959090909090909
wiener,matr,cycle,fair,full,1.0,300,500,41,0,41,13,0.3170731707317073,0.022235986077100096,0.29462319176982477,2.3249549134885292,0.8379120879120879
gamma,matr,cycle,fair,full,1.0,300,500,41,0,41,13,0.3170731707317073,0.04628482292583932,0.2706177410617092,1.9499379928127738,0.8489010989010989
cloglog hazard model,matr,cycle,fair,full,1.0,300,500,41,0,41,13,0.3170731707317073,0.25336885741684917,0.04683041868269472,0.5845300311627237,0.9601648351648352
random forest,matr,cycle,fair,full,1.0,300,500,41,0,41,13,0.3170731707317073,0.2869243826782586,0.03932879241212013,0.1275847758745967,0.989010989010989
wiener,matr,cycle,fair,full,1.0,300,800,38,0,38,19,0.5,0.2174811898959801,0.260062916189473,0.7293633200586269,0.8614958448753463
gamma,matr,cycle,fair,full,1.0,300,800,38,0,38,19,0.5,0.1263430873203094,0.34739388841585245,1.2982719223934944,0.8642659279778393
cloglog hazard model,matr,cycle,fair,full,1.0,300,800,38,0,38,19,0.5,0.568528081971048,0.06910656228594474,0.28616110354983754,0.9806094182825486
random forest,matr,cycle,fair,full,1.0,300,800,38,0,38,19,0.5,0.5515091411186204,0.05719019862945204,0.19530521408221477,0.9833795013850415
wiener,matr,cycle,fair,full,1.0,300,1000,32,0,32,22,0.6875,0.48225802265226014,0.23359191826506345,0.6628356876923195,0.7
gamma,matr,cycle,fair,full,1.0,300,1000,32,0,32,22,0.6875,0.29266951197613583,0.3642497913275608,1.4271478160642075,0.7045454545454546
cloglog hazard model,matr,cycle,fair,full,1.0,300,1000,32,0,32,22,0.6875,0.7371884527055853,0.0842793904075986,0.790756673662075,0.9204545454545454
random forest,matr,cycle,fair,full,1.0,300,1000,32,0,32,22,0.6875,0.7069303133163606,0.07436985730997424,0.23218033956349043,0.9590909090909091
wiener,matr,normalised,fair,full,1.0,150,500,41,0,41,13,0.3170731707317073,0.0881372535780669,0.28072728482011317,0.9804549171402654,0.6126373626373627
gamma,matr,normalised,fair,full,1.0,150,500,41,0,41,13,0.3170731707317073,0.07804501059695938,0.2872302612213791,1.079146446723166,0.6126373626373627
cloglog hazard model,matr,normalised,fair,full,1.0,150,500,41,0,41,13,0.3170731707317073,0.21917134875815242,0.06734277587430297,0.21771544670542847,0.9697802197802198
random forest,matr,normalised,fair,full,1.0,150,500,41,0,41,13,0.3170731707317073,0.2989061543964117,0.04974735215213478,0.19021822721564988,0.9697802197802198
wiener,matr,normalised,fair,full,1.0,150,800,38,0,38,19,0.5,0.4657030015013061,0.238518459573725,0.6715899390730813,0.6426592797783934
gamma,matr,normalised,fair,full,1.0,150,800,38,0,38,19,0.5,0.2945850031605013,0.29674787864306035,0.8090830710547522,0.6426592797783934
cloglog hazard model,matr,normalised,fair,full,1.0,150,800,38,0,38,19,0.5,0.5400543737589352,0.0757918560564281,0.22134380352728233,0.9833795013850417
random forest,matr,normalised,fair,full,1.0,150,800,38,0,38,19,0.5,0.5184117927534512,0.0704674346984498,0.23552967192478425,0.9806094182825484
wiener,matr,normalised,fair,full,1.0,150,1000,32,0,32,22,0.6875,0.6772961837865094,0.23920792377320593,0.701834433509942,0.4545454545454545
gamma,matr,normalised,fair,full,1.0,150,1000,32,0,32,22,0.6875,0.5171578341029766,0.31603239224937585,0.9274711331260266,0.4545454545454545
cloglog hazard model,matr,normalised,fair,full,1.0,150,1000,32,0,32,22,0.6875,0.7319681495168688,0.09818975229467292,0.34515310691578704,0.9181818181818182
random forest,matr,normalised,fair,full,1.0,150,1000,32,0,32,22,0.6875,0.6705144162359845,0.07665560413798281,0.2506701181752247,0.9545454545454546
wiener,matr,normalised,fair,full,1.0,200,500,41,0,41,13,0.3170731707317073,0.04669833649080541,0.2904887614505671,1.3170100508744835,0.728021978021978
gamma,matr,normalised,fair,full,1.0,200,500,41,0,41,13,0.3170731707317073,0.043226744185027796,0.29237973233885195,1.4245124774030329,0.728021978021978
cloglog hazard model,matr,normalised,fair,full,1.0,200,500,41,0,41,13,0.3170731707317073,0.228410400840819,0.05833879629440678,0.19550913885835822,0.989010989010989
random forest,matr,normalised,fair,full,1.0,200,500,41,0,41,13,0.3170731707317073,0.2865328429221324,0.04217170260672581,0.1533676728881329,0.978021978021978
wiener,matr,normalised,fair,full,1.0,200,800,38,0,38,19,0.5,0.3522697196377536,0.24048092201897822,0.6650576053350793,0.7423822714681441
gamma,matr,normalised,fair,full,1.0,200,800,38,0,38,19,0.5,0.1843945142649344,0.33508147076572214,0.9736825232937848,0.7423822714681441
cloglog hazard model,matr,normalised,fair,full,1.0,200,800,38,0,38,19,0.5,0.5343260296514051,0.0863065140346052,0.24838648659566692,0.9695290858725762
random forest,matr,normalised,fair,full,1.0,200,800,38,0,38,19,0.5,0.5065512125918189,0.0602475817584634,0.20617653453942536,0.9861495844875346
wiener,matr,normalised,fair,full,1.0,200,1000,32,0,32,22,0.6875,0.5918316220729802,0.23712478016339375,0.6761499438123852,0.5590909090909091
gamma,matr,normalised,fair,full,1.0,200,1000,32,0,32,22,0.6875,0.38707349473408936,0.35346476352542433,1.0668215857936896,0.5590909090909091
cloglog hazard model,matr,normalised,fair,full,1.0,200,1000,32,0,32,22,0.6875,0.7450318871319905,0.09972326618271074,0.63642552814686,0.9136363636363636
random forest,matr,normalised,fair,full,1.0,200,1000,32,0,32,22,0.6875,0.6830087532651454,0.07184485971162242,0.22772359413051302,0.959090909090909
wiener,matr,normalised,fair,full,1.0,300,500,41,0,41,13,0.3170731707317073,0.02223598579066116,0.294623191845226,2.3249549308120523,0.8379120879120879
gamma,matr,normalised,fair,full,1.0,300,500,41,0,41,13,0.3170731707317073,0.04628482391515438,0.2706177408216891,1.9499379406288897,0.8489010989010989
cloglog hazard model,matr,normalised,fair,full,1.0,300,500,41,0,41,13,0.3170731707317073,0.25336885741684917,0.04683041868269472,0.5845300311627237,0.9601648351648352
random forest,matr,normalised,fair,full,1.0,300,500,41,0,41,13,0.3170731707317073,0.2869243826782586,0.03932879241212013,0.1275847758745967,0.989010989010989
wiener,matr,normalised,fair,full,1.0,300,800,38,0,38,19,0.5,0.2174811800119804,0.26006292462574215,0.7293633415147663,0.8614958448753463
gamma,matr,normalised,fair,full,1.0,300,800,38,0,38,19,0.5,0.12634309134888919,0.3473938836865744,1.298271879501703,0.8642659279778393
cloglog hazard model,matr,normalised,fair,full,1.0,300,800,38,0,38,19,0.5,0.568528081971048,0.06910656228594474,0.28616110354983754,0.9806094182825486
random forest,matr,normalised,fair,full,1.0,300,800,38,0,38,19,0.5,0.5515091411186204,0.05719019862945202,0.19530521408221477,0.9833795013850415
wiener,matr,normalised,fair,full,1.0,300,1000,32,0,32,22,0.6875,0.4822580311889107,0.23359191474422902,0.6628356790947249,0.7
gamma,matr,normalised,fair,full,1.0,300,1000,32,0,32,22,0.6875,0.29266950706445916,0.36424979510663247,1.4271478182513893,0.7045454545454546
cloglog hazard model,matr,normalised,fair,full,1.0,300,1000,32,0,32,22,0.6875,0.7371884527055853,0.0842793904075986,0.790756673662075,0.9204545454545454
random forest,matr,normalised,fair,full,1.0,300,1000,32,0,32,22,0.6875,0.7069303133163606,0.07436985730997422,0.23218033956349043,0.9590909090909091
wiener,matr,cycle,published,full,1.0,150,500,42,1,41,13,0.3170731707317073,0.08813724869303388,0.28072728331976343,0.9804549196315641,0.6126373626373627
gamma,matr,cycle,published,full,1.0,150,500,42,1,41,13,0.3170731707317073,0.07804501319811198,0.2872302590138162,1.0791464103593744,0.6126373626373627
cloglog hazard model,matr,cycle,published,full,1.0,150,500,42,1,41,13,0.3170731707317073,0.21917134875815242,0.06734277587430297,0.21771544670542847,0.9697802197802198
random forest,matr,cycle,published,full,1.0,150,500,42,1,41,13,0.3170731707317073,0.29890615439641177,0.049747352152134765,0.19021822721564988,0.9697802197802198
wiener,matr,cycle,published,full,1.0,150,800,39,1,38,19,0.5,0.4657030008952069,0.23851845976248198,0.67158993986902,0.6426592797783934
gamma,matr,cycle,published,full,1.0,150,800,39,1,38,19,0.5,0.2945850003172528,0.2967478794533855,0.8090830718348029,0.6426592797783934
cloglog hazard model,matr,cycle,published,full,1.0,150,800,39,1,38,19,0.5,0.5400543737589352,0.0757918560564281,0.22134380352728233,0.9833795013850417
random forest,matr,cycle,published,full,1.0,150,800,39,1,38,19,0.5,0.5184117927534512,0.0704674346984498,0.23552967192478425,0.9806094182825484
wiener,matr,cycle,published,full,1.0,150,1000,33,1,32,22,0.6875,0.677296163262939,0.23920792603176394,0.7018344347413483,0.4545454545454545
gamma,matr,cycle,published,full,1.0,150,1000,33,1,32,22,0.6875,0.5171578359691753,0.31603239197826244,0.9274711341980981,0.4545454545454545
cloglog hazard model,matr,cycle,published,full,1.0,150,1000,33,1,32,22,0.6875,0.7319681495168688,0.09818975229467292,0.34515310691578704,0.9181818181818182
random forest,matr,cycle,published,full,1.0,150,1000,33,1,32,22,0.6875,0.6705144162359845,0.07665560413798281,0.25067011817522467,0.9545454545454546
wiener,matr,cycle,published,full,1.0,200,500,42,1,41,13,0.3170731707317073,0.04669833406892464,0.29048876091978276,1.3170100470982382,0.728021978021978
gamma,matr,cycle,published,full,1.0,200,500,42,1,41,13,0.3170731707317073,0.04322674515900682,0.29237973147078455,1.4245124234996849,0.728021978021978
cloglog hazard model,matr,cycle,published,full,1.0,200,500,42,1,41,13,0.3170731707317073,0.228410400840819,0.05833879629440678,0.19550913885835822,0.989010989010989
random forest,matr,cycle,published,full,1.0,200,500,42,1,41,13,0.3170731707317073,0.2865328429221324,0.04217170260672579,0.1533676728881329,0.978021978021978
wiener,matr,cycle,published,full,1.0,200,800,39,1,38,19,0.5,0.35226971731030016,0.240480922787735,0.665057607033685,0.7423822714681441
gamma,matr,cycle,published,full,1.0,200,800,39,1,38,19,0.5,0.1843945133268432,0.3350814712449054,0.9736825216754726,0.7423822714681441
cloglog hazard model,matr,cycle,published,full,1.0,200,800,39,1,38,19,0.5,0.5343260296514051,0.0863065140346052,0.24838648659566692,0.9695290858725762
random forest,matr,cycle,published,full,1.0,200,800,39,1,38,19,0.5,0.5065512125918189,0.0602475817584634,0.2061765345394254,0.9861495844875346
wiener,matr,cycle,published,full,1.0,200,1000,33,1,32,22,0.6875,0.5918316017641158,0.23712478518525693,0.6761499532006224,0.5590909090909091
gamma,matr,cycle,published,full,1.0,200,1000,33,1,32,22,0.6875,0.38707349578497247,0.35346476316173453,1.0668215873246099,0.5590909090909091
cloglog hazard model,matr,cycle,published,full,1.0,200,1000,33,1,32,22,0.6875,0.7450318871319905,0.09972326618271074,0.63642552814686,0.9136363636363636
random forest,matr,cycle,published,full,1.0,200,1000,33,1,32,22,0.6875,0.6830087532651454,0.07184485971162244,0.22772359413051302,0.959090909090909
wiener,matr,cycle,published,full,1.0,300,500,42,1,41,13,0.3170731707317073,0.023327920394586574,0.2943527831535547,2.2746965483438775,0.8379120879120879
gamma,matr,cycle,published,full,1.0,300,500,42,1,41,13,0.3170731707317073,0.04640465694434258,0.27057924125305655,1.9482140125969796,0.8489010989010989
cloglog hazard model,matr,cycle,published,full,1.0,300,500,42,1,41,13,0.3170731707317073,0.27129592996526014,0.0375052001810291,0.12004359776380549,0.9945054945054945
random forest,matr,cycle,published,full,1.0,300,500,42,1,41,13,0.3170731707317073,0.29536191991671196,0.041188301515702,0.1336826709134031,0.989010989010989
wiener,matr,cycle,published,full,1.0,300,800,39,1,38,19,0.5,0.2171844544496687,0.25994260654251844,0.7301312185563101,0.8614958448753463
gamma,matr,cycle,published,full,1.0,300,800,39,1,38,19,0.5,0.12681167185412776,0.34686680282808985,1.2958391404294172,0.8642659279778393
cloglog hazard model,matr,cycle,published,full,1.0,300,800,39,1,38,19,0.5,0.5685280676055244,0.06910652195123242,0.2861617757795339,0.9806094182825486
random forest,matr,cycle,published,full,1.0,300,800,39,1,38,19,0.5,0.5554772325455313,0.05847653562742488,0.1997136295135231,0.9833795013850416
wiener,matr,cycle,published,full,1.0,300,1000,33,1,32,22,0.6875,0.4741704934448445,0.23721885137549698,0.6723288717025555,0.7
gamma,matr,cycle,published,full,1.0,300,1000,33,1,32,22,0.6875,0.2937483385871516,0.3634371199816303,1.4250144364560766,0.7045454545454546
cloglog hazard model,matr,cycle,published,full,1.0,300,1000,33,1,32,22,0.6875,0.737188452705472,0.08427939040751997,0.7907566736619382,0.9204545454545454
random forest,matr,cycle,published,full,1.0,300,1000,33,1,32,22,0.6875,0.7111362337892433,0.07281949989162188,0.22622234635597013,0.9636363636363637
wiener,matr,normalised,published,full,1.0,150,500,42,1,41,13,0.3170731707317073,0.0881372535780669,0.28072728482011317,0.9804549171402654,0.6126373626373627
gamma,matr,normalised,published,full,1.0,150,500,42,1,41,13,0.3170731707317073,0.07804501059695938,0.2872302612213791,1.079146446723166,0.6126373626373627
cloglog hazard model,matr,normalised,published,full,1.0,150,500,42,1,41,13,0.3170731707317073,0.21917134875815242,0.06734277587430297,0.21771544670542847,0.9697802197802198
random forest,matr,normalised,published,full,1.0,150,500,42,1,41,13,0.3170731707317073,0.29890615439641177,0.049747352152134765,0.19021822721564988,0.9697802197802198
wiener,matr,normalised,published,full,1.0,150,800,39,1,38,19,0.5,0.4657030015013061,0.238518459573725,0.6715899390730813,0.6426592797783934
gamma,matr,normalised,published,full,1.0,150,800,39,1,38,19,0.5,0.2945850031605013,0.29674787864306035,0.8090830710547522,0.6426592797783934
cloglog hazard model,matr,normalised,published,full,1.0,150,800,39,1,38,19,0.5,0.5400543737589352,0.0757918560564281,0.22134380352728233,0.9833795013850417
random forest,matr,normalised,published,full,1.0,150,800,39,1,38,19,0.5,0.5184117927534511,0.0704674346984498,0.23552967192478425,0.9806094182825484
wiener,matr,normalised,published,full,1.0,150,1000,33,1,32,22,0.6875,0.6772961837865094,0.23920792377320593,0.701834433509942,0.4545454545454545
gamma,matr,normalised,published,full,1.0,150,1000,33,1,32,22,0.6875,0.5171578341029766,0.31603239224937585,0.9274711331260266,0.4545454545454545
cloglog hazard model,matr,normalised,published,full,1.0,150,1000,33,1,32,22,0.6875,0.7319681495168688,0.09818975229467292,0.34515310691578704,0.9181818181818182
random forest,matr,normalised,published,full,1.0,150,1000,33,1,32,22,0.6875,0.6705144162359845,0.07665560413798281,0.2506701181752247,0.9545454545454546
wiener,matr,normalised,published,full,1.0,200,500,42,1,41,13,0.3170731707317073,0.04669833649080541,0.2904887614505671,1.3170100508744835,0.728021978021978
gamma,matr,normalised,published,full,1.0,200,500,42,1,41,13,0.3170731707317073,0.043226744185027796,0.29237973233885195,1.4245124774030329,0.728021978021978
cloglog hazard model,matr,normalised,published,full,1.0,200,500,42,1,41,13,0.3170731707317073,0.228410400840819,0.05833879629440678,0.19550913885835822,0.989010989010989
random forest,matr,normalised,published,full,1.0,200,500,42,1,41,13,0.3170731707317073,0.2865328429221324,0.0421717026067258,0.15336767288813294,0.978021978021978
wiener,matr,normalised,published,full,1.0,200,800,39,1,38,19,0.5,0.3522697196377536,0.24048092201897822,0.6650576053350793,0.7423822714681441
gamma,matr,normalised,published,full,1.0,200,800,39,1,38,19,0.5,0.1843945142649344,0.33508147076572214,0.9736825232937848,0.7423822714681441
cloglog hazard model,matr,normalised,published,full,1.0,200,800,39,1,38,19,0.5,0.5343260296514051,0.0863065140346052,0.24838648659566692,0.9695290858725762
random forest,matr,normalised,published,full,1.0,200,800,39,1,38,19,0.5,0.5065512125918189,0.0602475817584634,0.2061765345394254,0.9861495844875346
wiener,matr,normalised,published,full,1.0,200,1000,33,1,32,22,0.6875,0.5918316220729802,0.23712478016339375,0.6761499438123852,0.5590909090909091
gamma,matr,normalised,published,full,1.0,200,1000,33,1,32,22,0.6875,0.38707349473408936,0.35346476352542433,1.0668215857936896,0.5590909090909091
cloglog hazard model,matr,normalised,published,full,1.0,200,1000,33,1,32,22,0.6875,0.7450318871319905,0.09972326618271074,0.63642552814686,0.9136363636363636
random forest,matr,normalised,published,full,1.0,200,1000,33,1,32,22,0.6875,0.6830087532651454,0.07184485971162244,0.22772359413051305,0.959090909090909
wiener,matr,normalised,published,full,1.0,300,500,42,1,41,13,0.3170731707317073,0.023327921405194983,0.29435278290349653,2.2746965615971706,0.8379120879120879
gamma,matr,normalised,published,full,1.0,300,500,42,1,41,13,0.3170731707317073,0.046404656861561096,0.27057924127100513,1.9482140838468707,0.8489010989010989
cloglog hazard model,matr,normalised,published,full,1.0,300,500,42,1,41,13,0.3170731707317073,0.27129592996526014,0.0375052001810291,0.12004359776380549,0.9945054945054945
random forest,matr,normalised,published,full,1.0,300,500,42,1,41,13,0.3170731707317073,0.29536191991671196,0.041188301515702,0.1336826709134031,0.989010989010989
wiener,matr,normalised,published,full,1.0,300,800,39,1,38,19,0.5,0.21718445746506412,0.25994260468155234,0.7301312117048763,0.8614958448753463
gamma,matr,normalised,published,full,1.0,300,800,39,1,38,19,0.5,0.12681167238182064,0.34686680225461053,1.2958391466355021,0.8642659279778393
cloglog hazard model,matr,normalised,published,full,1.0,300,800,39,1,38,19,0.5,0.5685280676055244,0.06910652195123242,0.2861617757795339,0.9806094182825486
random forest,matr,normalised,published,full,1.0,300,800,39,1,38,19,0.5,0.5554772325455314,0.05847653562742488,0.19971362951352306,0.9833795013850416
wiener,matr,normalised,published,full,1.0,300,1000,33,1,32,22,0.6875,0.4741705100021911,0.2372188440854724,0.6723288531870779,0.7
gamma,matr,normalised,published,full,1.0,300,1000,33,1,32,22,0.6875,0.29374833799880923,0.3634371204309814,1.4250144330796737,0.7045454545454546
cloglog hazard model,matr,normalised,published,full,1.0,300,1000,33,1,32,22,0.6875,0.737188452705472,0.08427939040751997,0.7907566736619382,0.9204545454545454
random forest,matr,normalised,published,full,1.0,300,1000,33,1,32,22,0.6875,0.7111362337892433,0.07281949989162188,0.2262223463559701,0.9636363636363637
wiener,matr,cycle,fair,truncH,1.0,150,500,41,0,41,13,0.3170731707317073,0.06937615308288654,0.2876746343662258,1.1208620964420846,0.6126373626373627
gamma,matr,cycle,fair,truncH,1.0,150,500,41,0,41,13,0.3170731707317073,0.06292560521131199,0.3079447201828439,1.7524101965580232,0.6126373626373627
cloglog hazard model,matr,cycle,fair,truncH,1.0,150,500,41,0,41,13,0.3170731707317073,0.21917134875815242,0.06734277587430297,0.21771544670542847,0.9697802197802198
random forest,matr,cycle,fair,truncH,1.0,150,500,41,0,41,13,0.3170731707317073,0.2989061543964117,0.04974735215213478,0.19021822721564988,0.9697802197802198
wiener,matr,cycle,fair,truncH,1.0,150,800,38,0,38,19,0.5,0.40939690008980256,0.2485738145505875,0.6880042775829369,0.6426592797783934
gamma,matr,cycle,fair,truncH,1.0,150,800,38,0,38,19,0.5,0.2310380795256161,0.34213253540482436,0.9938430553650107,0.6426592797783934
cloglog hazard model,matr,cycle,fair,truncH,1.0,150,800,38,0,38,19,0.5,0.5400543737589352,0.0757918560564281,0.22134380352728233,0.9833795013850417
random forest,matr,cycle,fair,truncH,1.0,150,800,38,0,38,19,0.5,0.5184117927534512,0.0704674346984498,0.23552967192478425,0.9806094182825484
wiener,matr,cycle,fair,truncH,1.0,150,1000,32,0,32,22,0.6875,0.6514466532751038,0.2416485043619522,0.7004182359790793,0.4545454545454545
gamma,matr,cycle,fair,truncH,1.0,150,1000,32,0,32,22,0.6875,0.4501109565068106,0.3596411536963876,1.095545611353868,0.4545454545454545
cloglog hazard model,matr,cycle,fair,truncH,1.0,150,1000,32,0,32,22,0.6875,0.7319681495168688,0.09818975229467292,0.34515310691578704,0.9181818181818182
random forest,matr,cycle,fair,truncH,1.0,150,1000,32,0,32,22,0.6875,0.6705144162359845,0.07665560413798284,0.2506701181752247,0.9545454545454546
wiener,matr,cycle,fair,truncH,1.0,200,500,41,0,41,13,0.3170731707317073,0.03951865825988196,0.2928422244494569,1.4862153239245581,0.728021978021978
gamma,matr,cycle,fair,truncH,1.0,200,500,41,0,41,13,0.3170731707317073,0.03874663126935924,0.2979786579724386,2.505130694642974,0.728021978021978
cloglog hazard model,matr,cycle,fair,truncH,1.0,200,500,41,0,41,13,0.3170731707317073,0.228410400840819,0.05833879629440678,0.19550913885835822,0.989010989010989
random forest,matr,cycle,fair,truncH,1.0,200,500,41,0,41,13,0.3170731707317073,0.28653284292213244,0.04217170260672579,0.1533676728881329,0.978021978021978
wiener,matr,cycle,fair,truncH,1.0,200,800,38,0,38,19,0.5,0.3061817675907287,0.2590905794696473,0.7061053028240365,0.7423822714681441
gamma,matr,cycle,fair,truncH,1.0,200,800,38,0,38,19,0.5,0.1370352673864453,0.38051184482022293,1.294743327493701,0.7423822714681441
cloglog hazard model,matr,cycle,fair,truncH,1.0,200,800,38,0,38,19,0.5,0.5343260296514051,0.0863065140346052,0.24838648659566692,0.9695290858725762
random forest,matr,cycle,fair,truncH,1.0,200,800,38,0,38,19,0.5,0.506551212591819,0.0602475817584634,0.20617653453942536,0.9861495844875346
wiener,matr,cycle,fair,truncH,1.0,200,1000,32,0,32,22,0.6875,0.569152943038195,0.2423140862673208,0.6845282646619013,0.5590909090909091
gamma,matr,cycle,fair,truncH,1.0,200,1000,32,0,32,22,0.6875,0.3277368511934544,0.39814681490428505,1.333924814052865,0.5590909090909091
cloglog hazard model,matr,cycle,fair,truncH,1.0,200,1000,32,0,32,22,0.6875,0.7450318871319905,0.09972326618271074,0.63642552814686,0.9136363636363636
random forest,matr,cycle,fair,truncH,1.0,200,1000,32,0,32,22,0.6875,0.6830087532651454,0.07184485971162244,0.22772359413051305,0.959090909090909
wiener,matr,cycle,fair,truncH,1.0,300,500,41,0,41,13,0.3170731707317073,0.020487415417548487,0.2950303724174978,2.565180795151318,0.8379120879120879
gamma,matr,cycle,fair,truncH,1.0,300,500,41,0,41,13,0.3170731707317073,0.046966852047695413,0.2693002529379323,3.5270693600735328,0.8351648351648351
cloglog hazard model,matr,cycle,fair,truncH,1.0,300,500,41,0,41,13,0.3170731707317073,0.25336885741684917,0.04683041868269472,0.5845300311627237,0.9601648351648352
random forest,matr,cycle,fair,truncH,1.0,300,500,41,0,41,13,0.3170731707317073,0.2869243826782586,0.03932879241212013,0.12758477587459674,0.989010989010989
wiener,matr,cycle,fair,truncH,1.0,300,800,38,0,38,19,0.5,0.18911089294865,0.2820940177663063,0.7999213256310724,0.8614958448753463
gamma,matr,cycle,fair,truncH,1.0,300,800,38,0,38,19,0.5,0.10643700734923589,0.37460421704263314,1.786406778937272,0.8642659279778393
cloglog hazard model,matr,cycle,fair,truncH,1.0,300,800,38,0,38,19,0.5,0.568528081971048,0.06910656228594474,0.28616110354983754,0.9806094182825486
random forest,matr,cycle,fair,truncH,1.0,300,800,38,0,38,19,0.5,0.5515091411186204,0.057190198629452016,0.19530521408221477,0.9833795013850415
wiener,matr,cycle,fair,truncH,1.0,300,1000,32,0,32,22,0.6875,0.4635823618388868,0.2414917657040571,0.6816389423955456,0.7
gamma,matr,cycle,fair,truncH,1.0,300,1000,32,0,32,22,0.6875,0.26113410847317353,0.3937006018597386,1.8280099738057567,0.7045454545454546
cloglog hazard model,matr,cycle,fair,truncH,1.0,300,1000,32,0,32,22,0.6875,0.7371884527055853,0.0842793904075986,0.790756673662075,0.9204545454545454
random forest,matr,cycle,fair,truncH,1.0,300,1000,32,0,32,22,0.6875,0.7069303133163606,0.07436985730997422,0.23218033956349043,0.9590909090909091
wiener,matr,normalised,fair,truncH,1.0,150,500,41,0,41,13,0.3170731707317073,0.06937615309259557,0.28767463412570715,1.1208620931471027,0.6126373626373627
gamma,matr,normalised,fair,truncH,1.0,150,500,41,0,41,13,0.3170731707317073,0.06292560686295962,0.3079447203166872,1.7524101376887773,0.6126373626373627
cloglog hazard model,matr,normalised,fair,truncH,1.0,150,500,41,0,41,13,0.3170731707317073,0.21917134875815242,0.06734277587430297,0.21771544670542847,0.9697802197802198
random forest,matr,normalised,fair,truncH,1.0,150,500,41,0,41,13,0.3170731707317073,0.29890615439641177,0.049747352152134765,0.19021822721564988,0.9697802197802198
wiener,matr,normalised,fair,truncH,1.0,150,800,38,0,38,19,0.5,0.40939689764976056,0.24857381511587656,0.6880042785742019,0.6426592797783934
gamma,matr,normalised,fair,truncH,1.0,150,800,38,0,38,19,0.5,0.23103807538170523,0.34213253868892984,0.9938430718660598,0.6426592797783934
cloglog hazard model,matr,normalised,fair,truncH,1.0,150,800,38,0,38,19,0.5,0.5400543737589352,0.0757918560564281,0.22134380352728233,0.9833795013850417
random forest,matr,normalised,fair,truncH,1.0,150,800,38,0,38,19,0.5,0.5184117927534512,0.0704674346984498,0.23552967192478425,0.9806094182825484
wiener,matr,normalised,fair,truncH,1.0,150,1000,32,0,32,22,0.6875,0.6514466756260895,0.2416485009505822,0.7004182322486592,0.4545454545454545
gamma,matr,normalised,fair,truncH,1.0,150,1000,32,0,32,22,0.6875,0.45011097317356086,0.35964114596480795,1.0955455927503068,0.4545454545454545
cloglog hazard model,matr,normalised,fair,truncH,1.0,150,1000,32,0,32,22,0.6875,0.7319681495168688,0.09818975229467292,0.34515310691578704,0.9181818181818182
random forest,matr,normalised,fair,truncH,1.0,150,1000,32,0,32,22,0.6875,0.6705144162359845,0.07665560413798281,0.2506701181752247,0.9545454545454546
wiener,matr,normalised,fair,truncH,1.0,200,500,41,0,41,13,0.3170731707317073,0.03951865823850339,0.29284222436894164,1.4862153182828985,0.728021978021978
gamma,matr,normalised,fair,truncH,1.0,200,500,41,0,41,13,0.3170731707317073,0.0387466319756215,0.2979786581669713,2.5051306122657575,0.728021978021978
cloglog hazard model,matr,normalised,fair,truncH,1.0,200,500,41,0,41,13,0.3170731707317073,0.228410400840819,0.05833879629440678,0.19550913885835822,0.989010989010989
random forest,matr,normalised,fair,truncH,1.0,200,500,41,0,41,13,0.3170731707317073,0.2865328429221324,0.04217170260672581,0.15336767288813294,0.978021978021978
wiener,matr,normalised,fair,truncH,1.0,200,800,38,0,38,19,0.5,0.30618176576476797,0.2590905803010733,0.7061053047570404,0.7423822714681441
gamma,matr,normalised,fair,truncH,1.0,200,800,38,0,38,19,0.5,0.13703526444369796,0.38051184801130755,1.2947433560864885,0.7423822714681441
cloglog hazard model,matr,normalised,fair,truncH,1.0,200,800,38,0,38,19,0.5,0.5343260296514051,0.0863065140346052,0.24838648659566692,0.9695290858725762
random forest,matr,normalised,fair,truncH,1.0,200,800,38,0,38,19,0.5,0.5065512125918189,0.0602475817584634,0.2061765345394254,0.9861495844875346
wiener,matr,normalised,fair,truncH,1.0,200,1000,32,0,32,22,0.6875,0.5691529644006185,0.24231408019876727,0.6845282530414263,0.5590909090909091
gamma,matr,normalised,fair,truncH,1.0,200,1000,32,0,32,22,0.6875,0.3277368627968221,0.39814680718448947,1.333924786826008,0.5590909090909091
cloglog hazard model,matr,normalised,fair,truncH,1.0,200,1000,32,0,32,22,0.6875,0.7450318871319905,0.09972326618271074,0.63642552814686,0.9136363636363636
random forest,matr,normalised,fair,truncH,1.0,200,1000,32,0,32,22,0.6875,0.6830087532651454,0.07184485971162244,0.22772359413051302,0.959090909090909
wiener,matr,normalised,fair,truncH,1.0,300,500,41,0,41,13,0.3170731707317073,0.9999999990000001,0.6829268279024391,14.152474249741307,0.5
gamma,matr,normalised,fair,truncH,1.0,300,500,41,0,41,13,0.3170731707317073,0.04696685187058916,0.2693002528842702,3.5270695001584307,0.8351648351648351
cloglog hazard model,matr,normalised,fair,truncH,1.0,300,500,41,0,41,13,0.3170731707317073,0.25336885741684917,0.04683041868269472,0.5845300311627237,0.9601648351648352
random forest,matr,normalised,fair,truncH,1.0,300,500,41,0,41,13,0.3170731707317073,0.2869243826782586,0.03932879241212013,0.1275847758745967,0.989010989010989
wiener,matr,normalised,fair,truncH,1.0,300,800,38,0,38,19,0.5,0.18911089920644292,0.2820940126923135,0.7999213079020149,0.8614958448753463
gamma,matr,normalised,fair,truncH,1.0,300,800,38,0,38,19,0.5,0.1064370077556561,0.3746042169409166,1.7864068030839404,0.8642659279778393
cloglog hazard model,matr,normalised,fair,truncH,1.0,300,800,38,0,38,19,0.5,0.568528081971048,0.06910656228594474,0.28616110354983754,0.9806094182825486
random forest,matr,normalised,fair,truncH,1.0,300,800,38,0,38,19,0.5,0.5515091411186204,0.057190198629452016,0.1953052140822147,0.9833795013850415
wiener,matr,normalised,fair,truncH,1.0,300,1000,32,0,32,22,0.6875,0.46358237926821405,0.24149175765360897,0.6816389221405966,0.7
gamma,matr,normalised,fair,truncH,1.0,300,1000,32,0,32,22,0.6875,0.2611341074794261,0.39370060254519196,1.8280099582788893,0.7045454545454546
cloglog hazard model,matr,normalised,fair,truncH,1.0,300,1000,32,0,32,22,0.6875,0.7371884527055853,0.0842793904075986,0.790756673662075,0.9204545454545454
random forest,matr,normalised,fair,truncH,1.0,300,1000,32,0,32,22,0.6875,0.7069303133163606,0.07436985730997422,0.23218033956349046,0.9590909090909091
wiener,matr,cycle,published,truncH,1.0,150,500,42,1,41,13,0.3170731707317073,0.06937615308288654,0.2876746343662258,1.1208620964420846,0.6126373626373627
gamma,matr,cycle,published,truncH,1.0,150,500,42,1,41,13,0.3170731707317073,0.06292560521131199,0.3079447201828439,1.7524101965580232,0.6126373626373627
cloglog hazard model,matr,cycle,published,truncH,1.0,150,500,42,1,41,13,0.3170731707317073,0.21917134875815242,0.06734277587430297,0.21771544670542847,0.9697802197802198
random forest,matr,cycle,published,truncH,1.0,150,500,42,1,41,13,0.3170731707317073,0.29890615439641177,0.04974735215213478,0.19021822721564988,0.9697802197802198
wiener,matr,cycle,published,truncH,1.0,150,800,39,1,38,19,0.5,0.40939690008980256,0.2485738145505875,0.6880042775829369,0.6426592797783934
gamma,matr,cycle,published,truncH,1.0,150,800,39,1,38,19,0.5,0.2310380795256161,0.34213253540482436,0.9938430553650107,0.6426592797783934
cloglog hazard model,matr,cycle,published,truncH,1.0,150,800,39,1,38,19,0.5,0.5400543737589352,0.0757918560564281,0.22134380352728233,0.9833795013850417
random forest,matr,cycle,published,truncH,1.0,150,800,39,1,38,19,0.5,0.5184117927534512,0.0704674346984498,0.23552967192478425,0.9806094182825484
wiener,matr,cycle,published,truncH,1.0,150,1000,33,1,32,22,0.6875,0.6514466532751038,0.2416485043619522,0.7004182359790793,0.4545454545454545
gamma,matr,cycle,published,truncH,1.0,150,1000,33,1,32,22,0.6875,0.4501109565068106,0.3596411536963876,1.095545611353868,0.4545454545454545
cloglog hazard model,matr,cycle,published,truncH,1.0,150,1000,33,1,32,22,0.6875,0.7319681495168688,0.09818975229467292,0.34515310691578704,0.9181818181818182
random forest,matr,cycle,published,truncH,1.0,150,1000,33,1,32,22,0.6875,0.6705144162359845,0.07665560413798281,0.2506701181752247,0.9545454545454546
wiener,matr,cycle,published,truncH,1.0,200,500,42,1,41,13,0.3170731707317073,0.03951865825988196,0.2928422244494569,1.4862153239245581,0.728021978021978
gamma,matr,cycle,published,truncH,1.0,200,500,42,1,41,13,0.3170731707317073,0.03874663126935924,0.2979786579724386,2.505130694642974,0.728021978021978
cloglog hazard model,matr,cycle,published,truncH,1.0,200,500,42,1,41,13,0.3170731707317073,0.228410400840819,0.05833879629440678,0.19550913885835822,0.989010989010989
random forest,matr,cycle,published,truncH,1.0,200,500,42,1,41,13,0.3170731707317073,0.2865328429221324,0.04217170260672579,0.1533676728881329,0.978021978021978
wiener,matr,cycle,published,truncH,1.0,200,800,39,1,38,19,0.5,0.3061817675907287,0.2590905794696473,0.7061053028240365,0.7423822714681441
gamma,matr,cycle,published,truncH,1.0,200,800,39,1,38,19,0.5,0.1370352673864453,0.38051184482022293,1.294743327493701,0.7423822714681441
cloglog hazard model,matr,cycle,published,truncH,1.0,200,800,39,1,38,19,0.5,0.5343260296514051,0.0863065140346052,0.24838648659566692,0.9695290858725762
random forest,matr,cycle,published,truncH,1.0,200,800,39,1,38,19,0.5,0.5065512125918189,0.0602475817584634,0.2061765345394254,0.9861495844875346
wiener,matr,cycle,published,truncH,1.0,200,1000,33,1,32,22,0.6875,0.569152943038195,0.2423140862673208,0.6845282646619013,0.5590909090909091
gamma,matr,cycle,published,truncH,1.0,200,1000,33,1,32,22,0.6875,0.3277368511934544,0.39814681490428505,1.333924814052865,0.5590909090909091
cloglog hazard model,matr,cycle,published,truncH,1.0,200,1000,33,1,32,22,0.6875,0.7450318871319905,0.09972326618271074,0.63642552814686,0.9136363636363636
random forest,matr,cycle,published,truncH,1.0,200,1000,33,1,32,22,0.6875,0.6830087532651454,0.07184485971162242,0.22772359413051302,0.959090909090909
wiener,matr,cycle,published,truncH,1.0,300,500,42,1,41,13,0.3170731707317073,0.021854388801565,0.2946397646812181,2.4670050855948897,0.8379120879120879
gamma,matr,cycle,published,truncH,1.0,300,500,42,1,41,13,0.3170731707317073,0.04702722741126759,0.2692828159873367,3.535760475479403,0.8351648351648351
cloglog hazard model,matr,cycle,published,truncH,1.0,300,500,42,1,41,13,0.3170731707317073,0.27129592996526014,0.0375052001810291,0.12004359776380549,0.9945054945054945
random forest,matr,cycle,published,truncH,1.0,300,500,42,1,41,13,0.3170731707317073,0.29536191991671196,0.041188301515702005,0.1336826709134031,0.989010989010989
wiener,matr,cycle,published,truncH,1.0,300,800,39,1,38,19,0.5,0.1923145668320061,0.27926927026994514,0.791468518010991,0.8614958448753463
gamma,matr,cycle,published,truncH,1.0,300,800,39,1,38,19,0.5,0.1065468285277238,0.37451483306952493,1.787899211500538,0.8642659279778393
cloglog hazard model,matr,cycle,published,truncH,1.0,300,800,39,1,38,19,0.5,0.5685280676055244,0.06910652195123242,0.2861617757795339,0.9806094182825486
random forest,matr,cycle,published,truncH,1.0,300,800,39,1,38,19,0.5,0.5554772325455313,0.05847653562742488,0.19971362951352312,0.9833795013850416
wiener,matr,cycle,published,truncH,1.0,300,1000,33,1,32,22,0.6875,0.459609160302101,0.24344652109774673,0.686921651297659,0.7
gamma,matr,cycle,published,truncH,1.0,300,1000,33,1,32,22,0.6875,0.2617027761964731,0.39325867401913495,1.828384121335025,0.7045454545454546
cloglog hazard model,matr,cycle,published,truncH,1.0,300,1000,33,1,32,22,0.6875,0.737188452705472,0.08427939040751997,0.7907566736619382,0.9204545454545454
random forest,matr,cycle,published,truncH,1.0,300,1000,33,1,32,22,0.6875,0.7111362337892433,0.07281949989162188,0.2262223463559701,0.9636363636363637
wiener,matr,normalised,published,truncH,1.0,150,500,42,1,41,13,0.3170731707317073,0.06937615309259557,0.28767463412570715,1.1208620931471027,0.6126373626373627
gamma,matr,normalised,published,truncH,1.0,150,500,42,1,41,13,0.3170731707317073,0.06292560686295962,0.3079447203166872,1.7524101376887773,0.6126373626373627
cloglog hazard model,matr,normalised,published,truncH,1.0,150,500,42,1,41,13,0.3170731707317073,0.21917134875815242,0.06734277587430297,0.21771544670542847,0.9697802197802198
random forest,matr,normalised,published,truncH,1.0,150,500,42,1,41,13,0.3170731707317073,0.29890615439641177,0.049747352152134765,0.19021822721564988,0.9697802197802198
wiener,matr,normalised,published,truncH,1.0,150,800,39,1,38,19,0.5,0.40939689764976056,0.24857381511587656,0.6880042785742019,0.6426592797783934
gamma,matr,normalised,published,truncH,1.0,150,800,39,1,38,19,0.5,0.23103807538170523,0.34213253868892984,0.9938430718660598,0.6426592797783934
cloglog hazard model,matr,normalised,published,truncH,1.0,150,800,39,1,38,19,0.5,0.5400543737589352,0.0757918560564281,0.22134380352728233,0.9833795013850417
random forest,matr,normalised,published,truncH,1.0,150,800,39,1,38,19,0.5,0.5184117927534512,0.0704674346984498,0.23552967192478425,0.9806094182825484
wiener,matr,normalised,published,truncH,1.0,150,1000,33,1,32,22,0.6875,0.6514466756260895,0.2416485009505822,0.7004182322486592,0.4545454545454545
gamma,matr,normalised,published,truncH,1.0,150,1000,33,1,32,22,0.6875,0.45011097317356086,0.35964114596480795,1.0955455927503068,0.4545454545454545
cloglog hazard model,matr,normalised,published,truncH,1.0,150,1000,33,1,32,22,0.6875,0.7319681495168688,0.09818975229467292,0.34515310691578704,0.9181818181818182
random forest,matr,normalised,published,truncH,1.0,150,1000,33,1,32,22,0.6875,0.6705144162359845,0.07665560413798281,0.2506701181752247,0.9545454545454546
wiener,matr,normalised,published,truncH,1.0,200,500,42,1,41,13,0.3170731707317073,0.03951865823850339,0.29284222436894164,1.4862153182828985,0.728021978021978
gamma,matr,normalised,published,truncH,1.0,200,500,42,1,41,13,0.3170731707317073,0.0387466319756215,0.2979786581669713,2.5051306122657575,0.728021978021978
cloglog hazard model,matr,normalised,published,truncH,1.0,200,500,42,1,41,13,0.3170731707317073,0.228410400840819,0.05833879629440678,0.19550913885835822,0.989010989010989
random forest,matr,normalised,published,truncH,1.0,200,500,42,1,41,13,0.3170731707317073,0.28653284292213244,0.04217170260672579,0.1533676728881329,0.978021978021978
wiener,matr,normalised,published,truncH,1.0,200,800,39,1,38,19,0.5,0.30618176576476797,0.2590905803010733,0.7061053047570404,0.7423822714681441
gamma,matr,normalised,published,truncH,1.0,200,800,39,1,38,19,0.5,0.13703526444369796,0.38051184801130755,1.2947433560864885,0.7423822714681441
cloglog hazard model,matr,normalised,published,truncH,1.0,200,800,39,1,38,19,0.5,0.5343260296514051,0.0863065140346052,0.24838648659566692,0.9695290858725762
random forest,matr,normalised,published,truncH,1.0,200,800,39,1,38,19,0.5,0.5065512125918189,0.0602475817584634,0.2061765345394254,0.9861495844875346
wiener,matr,normalised,published,truncH,1.0,200,1000,33,1,32,22,0.6875,0.5691529644006185,0.24231408019876727,0.6845282530414263,0.5590909090909091
gamma,matr,normalised,published,truncH,1.0,200,1000,33,1,32,22,0.6875,0.3277368627968221,0.39814680718448947,1.333924786826008,0.5590909090909091
cloglog hazard model,matr,normalised,published,truncH,1.0,200,1000,33,1,32,22,0.6875,0.7450318871319905,0.09972326618271074,0.63642552814686,0.9136363636363636
random forest,matr,normalised,published,truncH,1.0,200,1000,33,1,32,22,0.6875,0.6830087532651454,0.07184485971162244,0.22772359413051302,0.959090909090909
wiener,matr,normalised,published,truncH,1.0,300,500,42,1,41,13,0.3170731707317073,0.021854388766128906,0.2946397647007524,2.4670050743084797,0.8379120879120879
gamma,matr,normalised,published,truncH,1.0,300,500,42,1,41,13,0.3170731707317073,0.04702722758850397,0.2692828160156065,3.535760379689444,0.8351648351648351
cloglog hazard model,matr,normalised,published,truncH,1.0,300,500,42,1,41,13,0.3170731707317073,0.27129592996526014,0.0375052001810291,0.12004359776380549,0.9945054945054945
random forest,matr,normalised,published,truncH,1.0,300,500,42,1,41,13,0.3170731707317073,0.29536191991671196,0.04118830151570201,0.13368267091340313,0.989010989010989
wiener,matr,normalised,published,truncH,1.0,300,800,39,1,38,19,0.5,0.1923145659476509,0.279269271013184,0.7914685203871048,0.8614958448753463
gamma,matr,normalised,published,truncH,1.0,300,800,39,1,38,19,0.5,0.1065468271193331,0.3745148351465253,1.7878992584641038,0.8642659279778393
cloglog hazard model,matr,normalised,published,truncH,1.0,300,800,39,1,38,19,0.5,0.5685280676055244,0.06910652195123242,0.2861617757795339,0.9806094182825486
random forest,matr,normalised,published,truncH,1.0,300,800,39,1,38,19,0.5,0.5554772325455313,0.058476535627424886,0.19971362951352306,0.9833795013850416
wiener,matr,normalised,published,truncH,1.0,300,1000,33,1,32,22,0.6875,0.4596091768536474,0.24344651338283715,0.6869216319385061,0.7
gamma,matr,normalised,published,truncH,1.0,300,1000,33,1,32,22,0.6875,0.2617027822360988,0.3932586686790852,1.828384094006786,0.7045454545454546
cloglog hazard model,matr,normalised,published,truncH,1.0,300,1000,33,1,32,22,0.6875,0.737188452705472,0.08427939040751997,0.7907566736619382,0.9204545454545454
random forest,matr,normalised,published,truncH,1.0,300,1000,33,1,32,22,0.6875,0.7111362337892433,0.07281949989162188,0.22622234635597008,0.9636363636363637
wiener,matr,power,fair,full,1.25,150,500,41,0,41,13,0.3170731707317073,0.17256699539669834,0.2762232726071179,0.808752165123772,0.6126373626373627
gamma,matr,power,fair,full,1.25,150,500,41,0,41,13,0.3170731707317073,0.16804878904715334,0.2677584464874357,0.7804992274867674,0.6126373626373627
cloglog hazard model,matr,power,fair,full,1.25,150,500,41,0,41,13,0.3170731707317073,0.21917134875815242,0.06734277587430297,0.21771544670542847,0.9697802197802198
random forest,matr,power,fair,full,1.25,150,500,41,0,41,13,0.3170731707317073,0.29890615439641177,0.049747352152134765,0.19021822721564988,0.9697802197802198
wiener,matr,power,fair,full,1.25,150,800,38,0,38,19,0.5,0.6530542345103061,0.25211237052274127,0.7577392819359301,0.6426592797783934
gamma,matr,power,fair,full,1.25,150,800,38,0,38,19,0.5,0.5511905528963791,0.23873046070249093,0.7241185606030611,0.6426592797783934
cloglog hazard model,matr,power,fair,full,1.25,150,800,38,0,38,19,0.5,0.5400543737589352,0.0757918560564281,0.22134380352728233,0.9833795013850417
random forest,matr,power,fair,full,1.25,150,800,38,0,38,19,0.5,0.5184117927534512,0.0704674346984498,0.23552967192478425,0.9806094182825484
wiener,matr,power,fair,full,1.25,150,1000,32,0,32,22,0.6875,0.8184520499895045,0.25005895698514036,0.833246973706431,0.4545454545454545
gamma,matr,power,fair,full,1.25,150,1000,32,0,32,22,0.6875,0.7899313445292124,0.267224091472101,0.9896265085459789,0.4545454545454545
cloglog hazard model,matr,power,fair,full,1.25,150,1000,32,0,32,22,0.6875,0.7319681495168688,0.09818975229467292,0.34515310691578704,0.9181818181818182
random forest,matr,power,fair,full,1.25,150,1000,32,0,32,22,0.6875,0.6705144162359845,0.07665560413798281,0.2506701181752247,0.9545454545454546
wiener,matr,power,fair,full,1.25,200,500,41,0,41,13,0.3170731707317073,0.08795855813291653,0.29052687290331947,1.049145695247316,0.728021978021978
gamma,matr,power,fair,full,1.25,200,500,41,0,41,13,0.3170731707317073,0.08857536812540905,0.2824883137901301,0.988774040979985,0.728021978021978
cloglog hazard model,matr,power,fair,full,1.25,200,500,41,0,41,13,0.3170731707317073,0.228410400840819,0.05833879629440678,0.19550913885835822,0.989010989010989
random forest,matr,power,fair,full,1.25,200,500,41,0,41,13,0.3170731707317073,0.2865328429221324,0.04217170260672579,0.1533676728881329,0.978021978021978
wiener,matr,power,fair,full,1.25,200,800,38,0,38,19,0.5,0.5267739716250861,0.2087074103374017,0.6223839873994367,0.7423822714681441
gamma,matr,power,fair,full,1.25,200,800,38,0,38,19,0.5,0.3965675447708458,0.2253621887496252,0.6559680318551692,0.7423822714681441
cloglog hazard model,matr,power,fair,full,1.25,200,800,38,0,38,19,0.5,0.5343260296514051,0.0863065140346052,0.24838648659566692,0.9695290858725762
random forest,matr,power,fair,full,1.25,200,800,38,0,38,19,0.5,0.5065512125918189,0.0602475817584634,0.2061765345394254,0.9861495844875346
wiener,matr,power,fair,full,1.25,200,1000,32,0,32,22,0.6875,0.7440783468121299,0.22857484409225665,0.7052622693690007,0.5590909090909091
gamma,matr,power,fair,full,1.25,200,1000,32,0,32,22,0.6875,0.6733866817490664,0.261201682200195,0.8557727647584068,0.5590909090909091
cloglog hazard model,matr,power,fair,full,1.25,200,1000,32,0,32,22,0.6875,0.7450318871319905,0.09972326618271074,0.63642552814686,0.9136363636363636
random forest,matr,power,fair,full,1.25,200,1000,32,0,32,22,0.6875,0.6830087532651454,0.07184485971162244,0.22772359413051307,0.959090909090909
wiener,matr,power,fair,full,1.5,300,500,41,0,41,13,0.3170731707317073,0.05003448488222641,0.2977861026226861,1.587476675926528,0.8379120879120879
gamma,matr,power,fair,full,1.5,300,500,41,0,41,13,0.3170731707317073,0.08043620763202679,0.2635588612361734,1.0968207731439714,0.8489010989010989
cloglog hazard model,matr,power,fair,full,1.5,300,500,41,0,41,13,0.3170731707317073,0.25336885741684917,0.04683041868269472,0.5845300311627237,0.9601648351648352
random forest,matr,power,fair,full,1.5,300,500,41,0,41,13,0.3170731707317073,0.2869243826782586,0.03932879241212014,0.12758477587459677,0.989010989010989
wiener,matr,power,fair,full,1.5,300,800,38,0,38,19,0.5,0.5039802434298677,0.14735974928270915,0.4627558649728285,0.8614958448753463
gamma,matr,power,fair,full,1.5,300,800,38,0,38,19,0.5,0.4007498493813423,0.15679693427306224,0.49225894679012516,0.8642659279778393
cloglog hazard model,matr,power,fair,full,1.5,300,800,38,0,38,19,0.5,0.568528081971048,0.06910656228594474,0.28616110354983754,0.9806094182825486
random forest,matr,power,fair,full,1.5,300,800,38,0,38,19,0.5,0.5515091411186204,0.057190198629452016,0.19530521408221474,0.9833795013850415
wiener,matr,power,fair,full,1.5,300,1000,32,0,32,22,0.6875,0.7664093989580387,0.20098953972786715,0.5986271722888972,0.7
gamma,matr,power,fair,full,1.5,300,1000,32,0,32,22,0.6875,0.6993272974314768,0.23180901632243464,0.7607990493055161,0.7045454545454546
cloglog hazard model,matr,power,fair,full,1.5,300,1000,32,0,32,22,0.6875,0.7371884527055853,0.0842793904075986,0.790756673662075,0.9204545454545454
random forest,matr,power,fair,full,1.5,300,1000,32,0,32,22,0.6875,0.7069303133163606,0.07436985730997425,0.23218033956349046,0.9590909090909091
