model,corpus,timescale,variant,window,power,landmark_cycle,horizon_cycle,mu0,s2mu,sig2,nll,converged,n_paths,alpha,a0,b0,time_scale,mean_rate
wiener,matr,cycle,fair,full,1.0,150,500,0.0002951601642581414,1.8680948150692922e-08,2.994227488441891e-06,-9907.797198030172,True,97,,,,,
gamma,matr,cycle,fair,full,1.0,150,500,,,,-11805.174981520518,True,97,0.040012316026614723,2.9241626144492106,0.01656956589023052,25.0,0.00022672703068827045
wiener,matr,cycle,fair,full,1.0,150,800,0.00029625177435831096,1.9386591428948323e-08,3.0318907965262584e-06,-9619.313416940136,True,94,,,,,
gamma,matr,cycle,fair,full,1.0,150,800,,,,-11484.948214301401,False,94,0.03986126783675611,2.8295431510923437,0.016052760554691417,25.0,0.00022614371077636384
wiener,matr,cycle,fair,full,1.0,150,1000,0.0003111599005381683,2.2405835214743935e-08,3.2082699112177845e-06,-8055.430051660347,True,80,,,,,
gamma,matr,cycle,fair,full,1.0,150,1000,,,,-9653.595880332938,True,80,0.04087836903388343,2.40514068773132,0.013476891905602691,25.0,0.0002290566051113789
wiener,matr,cycle,fair,full,1.0,200,500,0.0002951601642581414,1.8680948150692922e-08,2.994227488441891e-06,-9907.797198030172,True,97,,,,,
gamma,matr,cycle,fair,full,1.0,200,500,,,,-11805.174981520518,True,97,0.040012316026614723,2.9241626144492106,0.01656956589023052,25.0,0.00022672703068827045
wiener,matr,cycle,fair,full,1.0,200,800,0.00029625177435831096,1.9386591428948323e-08,3.0318907965262584e-06,-9619.313416940136,True,94,,,,,
gamma,matr,cycle,fair,full,1.0,200,800,,,,-11484.948214301401,False,94,0.03986126783675611,2.8295431510923437,0.016052760554691417,25.0,0.00022614371077636384
wiener,matr,cycle,fair,full,1.0,200,1000,0.0003111599005381683,2.2405835214743935e-08,3.2082699112177845e-06,-8055.430051660347,True,80,,,,,
gamma,matr,cycle,fair,full,1.0,200,1000,,,,-9653.595880332938,True,80,0.04087836903388343,2.40514068773132,0.013476891905602691,25.0,0.0002290566051113789
wiener,matr,cycle,fair,full,1.0,300,500,0.00028477330565718353,1.4951284118574985e-08,2.9635619487383933e-06,-9875.304688254053,True,95,,,,,
gamma,matr,cycle,fair,full,1.0,300,500,,,,-11760.932720850024,True,95,0.0398511025863746,2.977384409509193,0.016753896526815172,25.0,0.0002242442215654905
wiener,matr,cycle,fair,full,1.0,300,800,0.000285524150395759,1.552089004026368e-08,3.00072497717645e-06,-9586.342028141706,True,92,,,,,
gamma,matr,cycle,fair,full,1.0,300,800,,,,-11440.715691058413,False,92,0.039696031762962505,2.879550686436566,0.016218149153988642,25.0,0.00022357521504505696
wiener,matr,cycle,fair,full,1.0,300,1000,0.00029876034776065926,1.8039965235799576e-08,3.172982578769633e-06,-8020.21679265972,True,78,,,,,
gamma,matr,cycle,fair,full,1.0,300,1000,,,,-9609.050591168862,True,78,0.04067755339799155,2.4374049426745246,0.01354010441198268,25.0,0.000225969148822865
wiener,matr,normalised,fair,full,1.0,150,500,0.23258620882406084,0.011599827599848053,0.00235945124387741,-9907.797198030172,True,97,,,,,
gamma,matr,normalised,fair,full,1.0,150,500,,,,-11805.174981520517,True,97,31.529706139662537,2.92416233767254,0.016569562712698743,0.03172588832487311,0.1786608891248928
wiener,matr,normalised,fair,full,1.0,150,800,0.2334463973459468,0.012037987940736777,0.002389130028916403,-9619.313416940136,True,94,,,,,
gamma,matr,normalised,fair,full,1.0,150,800,,,,-11484.948214301397,True,94,31.410678926499717,2.8295425805079724,0.01605275749646088,0.03172588832487311,0.17820124534608447
wiener,matr,normalised,fair,full,1.0,150,1000,0.24519401191284365,0.013912768679365655,0.0025281167204811894,-8055.430051660345,True,80,,,,,
gamma,matr,normalised,fair,full,1.0,150,1000,,,,-9653.595880332938,True,80,32.21215500017711,2.4051409294951602,0.013476892941969963,0.03172588832487311,0.1804966016933782
wiener,matr,normalised,fair,full,1.0,200,500,0.23258620882406084,0.011599827599848053,0.00235945124387741,-9907.797198030172,True,97,,,,,
gamma,matr,normalised,fair,full,1.0,200,500,,,,-11805.174981520517,True,97,31.529706139662537,2.92416233767254,0.016569562712698743,0.03172588832487311,0.1786608891248928
wiener,matr,normalised,fair,full,1.0,200,800,0.2334463973459468,0.012037987940736777,0.002389130028916403,-9619.313416940136,True,94,,,,,
gamma,matr,normalised,fair,full,1.0,200,800,,,,-11484.948214301397,True,94,31.410678926499717,2.8295425805079724,0.01605275749646088,0.03172588832487311,0.17820124534608447
wiener,matr,normalised,fair,full,1.0,200,1000,0.24519401191284365,0.013912768679365655,0.0025281167204811894,-8055.430051660345,True,80,,,,,
gamma,matr,normalised,fair,full,1.0,200,1000,,,,-9653.595880332938,True,80,32.21215500017711,2.4051409294951602,0.013476892941969963,0.03172588832487311,0.1804966016933782
wiener,matr,normalised,fair,full,1.0,300,500,0.22440137588083856,0.009283907610114953,0.002335286751555458,-9875.304688254053,True,95,,,,,
gamma,matr,normalised,fair,full,1.0,300,500,,,,-11760.932720850022,True,95,31.402667404689836,2.977383073005674,0.01675388806690248,0.03172588832487311,0.17670442862067617
wiener,matr,normalised,fair,full,1.0,300,800,0.2249930049202814,0.009637600762431756,0.0023645713425977342,-9586.342028141706,False,92,,,,,
gamma,matr,normalised,fair,full,1.0,300,800,,,,-11440.715691058414,True,92,31.2804734667898,2.8795509002653565,0.016218151438818596,0.03172588832487311,0.1761772836575294
wiener,matr,normalised,fair,full,1.0,300,1000,0.23542315456027665,0.011201806931924702,0.0025003102050200066,-8020.216792659719,True,78,,,,,
gamma,matr,normalised,fair,full,1.0,300,1000,,,,-9609.050591168862,True,78,32.05391216795148,2.4374056058107234,0.013540106984501536,0.03172588832487311,0.17806367515985025
wiener,matr,cycle,published,full,1.0,150,500,0.0002951601642581414,1.8680948150692922e-08,2.994227488441891e-06,-9907.797198030172,True,97,,,,,
gamma,matr,cycle,published,full,1.0,150,500,,,,-11805.174981520518,True,97,0.040012316026614723,2.9241626144492106,0.01656956589023052,25.0,0.00022672703068827045
wiener,matr,cycle,published,full,1.0,150,800,0.00029625177435831096,1.9386591428948323e-08,3.0318907965262584e-06,-9619.313416940136,True,94,,,,,
gamma,matr,cycle,published,full,1.0,150,800,,,,-11484.948214301401,False,94,0.03986126783675611,2.8295431510923437,0.016052760554691417,25.0,0.00022614371077636384
wiener,matr,cycle,published,full,1.0,150,1000,0.0003111599005381683,2.2405835214743935e-08,3.2082699112177845e-06,-8055.430051660347,True,80,,,,,
gamma,matr,cycle,published,full,1.0,150,1000,,,,-9653.595880332938,True,80,0.04087836903388343,2.40514068773132,0.013476891905602691,25.0,0.0002290566051113789
wiener,matr,cycle,published,full,1.0,200,500,0.0002951601642581414,1.8680948150692922e-08,2.994227488441891e-06,-9907.797198030172,True,97,,,,,
gamma,matr,cycle,published,full,1.0,200,500,,,,-11805.174981520518,True,97,0.040012316026614723,2.9241626144492106,0.01656956589023052,25.0,0.00022672703068827045
wiener,matr,cycle,published,full,1.0,200,800,0.00029625177435831096,1.9386591428948323e-08,3.0318907965262584e-06,-9619.313416940136,True,94,,,,,
gamma,matr,cycle,published,full,1.0,200,800,,,,-11484.948214301401,False,94,0.03986126783675611,2.8295431510923437,0.016052760554691417,25.0,0.00022614371077636384
wiener,matr,cycle,published,full,1.0,200,1000,0.0003111599005381683,2.2405835214743935e-08,3.2082699112177845e-06,-8055.430051660347,True,80,,,,,
gamma,matr,cycle,published,full,1.0,200,1000,,,,-9653.595880332938,True,80,0.04087836903388343,2.40514068773132,0.013476891905602691,25.0,0.0002290566051113789
wiener,matr,cycle,published,full,1.0,300,500,0.0002951601642581414,1.8680948150692922e-08,2.994227488441891e-06,-9907.797198030172,True,97,,,,,
gamma,matr,cycle,published,full,1.0,300,500,,,,-11805.174981520518,True,97,0.040012316026614723,2.9241626144492106,0.01656956589023052,25.0,0.00022672703068827045
wiener,matr,cycle,published,full,1.0,300,800,0.00029625177435831096,1.9386591428948323e-08,3.0318907965262584e-06,-9619.313416940136,True,94,,,,,
gamma,matr,cycle,published,full,1.0,300,800,,,,-11484.948214301401,False,94,0.03986126783675611,2.8295431510923437,0.016052760554691417,25.0,0.00022614371077636384
wiener,matr,cycle,published,full,1.0,300,1000,0.0003111599005381683,2.2405835214743935e-08,3.2082699112177845e-06,-8055.430051660347,True,80,,,,,
gamma,matr,cycle,published,full,1.0,300,1000,,,,-9653.595880332938,True,80,0.04087836903388343,2.40514068773132,0.013476891905602691,25.0,0.0002290566051113789
wiener,matr,normalised,published,full,1.0,150,500,0.23258620882406084,0.011599827599848053,0.00235945124387741,-9907.797198030172,True,97,,,,,
gamma,matr,normalised,published,full,1.0,150,500,,,,-11805.174981520517,True,97,31.529706139662537,2.92416233767254,0.016569562712698743,0.03172588832487311,0.1786608891248928
wiener,matr,normalised,published,full,1.0,150,800,0.2334463973459468,0.012037987940736777,0.002389130028916403,-9619.313416940136,True,94,,,,,
gamma,matr,normalised,published,full,1.0,150,800,,,,-11484.948214301397,True,94,31.410678926499717,2.8295425805079724,0.01605275749646088,0.03172588832487311,0.17820124534608447
wiener,matr,normalised,published,full,1.0,150,1000,0.24519401191284365,0.013912768679365655,0.0025281167204811894,-8055.430051660345,True,80,,,,,
gamma,matr,normalised,published,full,1.0,150,1000,,,,-9653.595880332938,True,80,32.21215500017711,2.4051409294951602,0.013476892941969963,0.03172588832487311,0.1804966016933782
wiener,matr,normalised,published,full,1.0,200,500,0.23258620882406084,0.011599827599848053,0.00235945124387741,-9907.797198030172,True,97,,,,,
gamma,matr,normalised,published,full,1.0,200,500,,,,-11805.174981520517,True,97,31.529706139662537,2.92416233767254,0.016569562712698743,0.03172588832487311,0.1786608891248928
wiener,matr,normalised,published,full,1.0,200,800,0.2334463973459468,0.012037987940736777,0.002389130028916403,-9619.313416940136,True,94,,,,,
gamma,matr,normalised,published,full,1.0,200,800,,,,-11484.948214301397,True,94,31.410678926499717,2.8295425805079724,0.01605275749646088,0.03172588832487311,0.17820124534608447
wiener,matr,normalised,published,full,1.0,200,1000,0.24519401191284365,0.013912768679365655,0.0025281167204811894,-8055.430051660345,True,80,,,,,
gamma,matr,normalised,published,full,1.0,200,1000,,,,-9653.595880332938,True,80,32.21215500017711,2.4051409294951602,0.013476892941969963,0.03172588832487311,0.1804966016933782
wiener,matr,normalised,published,full,1.0,300,500,0.23258620882406084,0.011599827599848053,0.00235945124387741,-9907.797198030172,True,97,,,,,
gamma,matr,normalised,published,full,1.0,300,500,,,,-11805.174981520517,True,97,31.529706139662537,2.92416233767254,0.016569562712698743,0.03172588832487311,0.1786608891248928
wiener,matr,normalised,published,full,1.0,300,800,0.2334463973459468,0.012037987940736777,0.002389130028916403,-9619.313416940136,True,94,,,,,
gamma,matr,normalised,published,full,1.0,300,800,,,,-11484.948214301397,True,94,31.410678926499717,2.8295425805079724,0.01605275749646088,0.03172588832487311,0.17820124534608447
wiener,matr,normalised,published,full,1.0,300,1000,0.24519401191284365,0.013912768679365655,0.0025281167204811894,-8055.430051660345,True,80,,,,,
gamma,matr,normalised,published,full,1.0,300,1000,,,,-9653.595880332938,True,80,32.21215500017711,2.4051409294951602,0.013476892941969963,0.03172588832487311,0.1804966016933782
wiener,matr,cycle,fair,truncH,1.0,150,500,0.00021434475300533375,2.7524284477211067e-08,2.930421485479225e-06,-5281.229235100247,True,97,,,,,
gamma,matr,cycle,fair,truncH,1.0,150,500,,,,-7281.510134429656,False,97,0.0851029002877845,1.251019820212915,0.0010532002949234962,25.0,7.164586702286223e-05
wiener,matr,cycle,fair,truncH,1.0,150,800,0.00026756673750442933,2.836350380959401e-08,3.110622012836961e-06,-7530.794146243019,True,94,,,,,
gamma,matr,cycle,fair,truncH,1.0,150,800,,,,-9618.517134432923,True,94,0.05392765444538719,1.1995524017491632,0.0026847908526869747,25.0,0.00012069874825869864
wiener,matr,cycle,fair,truncH,1.0,150,1000,0.00030065064188019035,2.6354202397435857e-08,3.4520597915246496e-06,-6918.4919802677505,True,80,,,,,
gamma,matr,cycle,fair,truncH,1.0,150,1000,,,,-8544.1426492397,True,80,0.046173658206767894,1.2852058205723136,0.004454135466777005,25.0,0.00016002396297740083
wiener,matr,cycle,fair,truncH,1.0,200,500,0.00021434475300533375,2.7524284477211067e-08,2.930421485479225e-06,-5281.229235100247,True,97,,,,,
gamma,matr,cycle,fair,truncH,1.0,200,500,,,,-7281.510134429656,False,97,0.0851029002877845,1.251019820212915,0.0010532002949234962,25.0,7.164586702286223e-05
wiener,matr,cycle,fair,truncH,1.0,200,800,0.00026756673750442933,2.836350380959401e-08,3.110622012836961e-06,-7530.794146243019,True,94,,,,,
gamma,matr,cycle,fair,truncH,1.0,200,800,,,,-9618.517134432923,True,94,0.05392765444538719,1.1995524017491632,0.0026847908526869747,25.0,0.00012069874825869864
wiener,matr,cycle,fair,truncH,1.0,200,1000,0.00030065064188019035,2.6354202397435857e-08,3.4520597915246496e-06,-6918.4919802677505,True,80,,,,,
gamma,matr,cycle,fair,truncH,1.0,200,1000,,,,-8544.1426492397,True,80,0.046173658206767894,1.2852058205723136,0.004454135466777005,25.0,0.00016002396297740083
wiener,matr,cycle,fair,truncH,1.0,300,500,0.00020260170062987655,2.154663564214577e-08,2.873236399566968e-06,-5249.732722365532,False,95,,,,,
gamma,matr,cycle,fair,truncH,1.0,300,500,,,,-7234.373667444506,True,95,0.08453005705035337,1.292960265911018,0.0010762463169268377,25.0,7.036191673373452e-05
wiener,matr,cycle,fair,truncH,1.0,300,800,0.00025632305638630977,2.3533562723754336e-08,3.0731237909265536e-06,-7496.0812614353135,True,92,,,,,
gamma,matr,cycle,fair,truncH,1.0,300,800,,,,-9572.997723662598,True,92,0.05365396116737417,1.215144588590141,0.00268842656435575,25.0,0.00011870581973511401
wiener,matr,cycle,fair,truncH,1.0,300,1000,0.0002881848424182154,2.1670090876493495e-08,3.4136714990502397e-06,-6881.713628903385,True,78,,,,,
gamma,matr,cycle,fair,truncH,1.0,300,1000,,,,-8499.20292387933,True,78,0.04591631533533455,1.2944988819541325,0.0044323684542929825,25.0,0.0001572176156092788
wiener,matr,normalised,fair,truncH,1.0,150,500,0.16890366651546962,0.017091038923996348,0.0023091721442574102,-5281.229235100246,False,97,,,,,
gamma,matr,normalised,fair,truncH,1.0,150,500,,,,-7281.510134429656,True,97,67.06108334544687,1.25101957419385,0.0010531999282809602,0.03172588832487311,0.05645693291040703
wiener,matr,normalised,fair,truncH,1.0,150,800,0.2108425876397358,0.01761214775697364,0.002451170152364963,-7530.794146243019,False,94,,,,,
gamma,matr,normalised,fair,truncH,1.0,150,800,,,,-9618.517134432925,True,94,42.494993272978505,1.1995524849502506,0.002684790952592755,0.03172588832487311,0.09511061408414687
wiener,matr,normalised,fair,truncH,1.0,150,1000,0.23691271576142928,0.016364482732169363,0.002720223103667723,-6918.4919802677505,True,80,,,,,
gamma,matr,normalised,fair,truncH,1.0,150,1000,,,,-8544.142649239697,True,80,36.38484273028424,1.285205478149825,0.004454134741780297,0.03172588832487311,0.1260988961177448
wiener,matr,normalised,fair,truncH,1.0,200,500,0.16890366651546962,0.017091038923996348,0.0023091721442574102,-5281.229235100246,False,97,,,,,
gamma,matr,normalised,fair,truncH,1.0,200,500,,,,-7281.510134429656,True,97,67.06108334544687,1.25101957419385,0.0010531999282809602,0.03172588832487311,0.05645693291040703
wiener,matr,normalised,fair,truncH,1.0,200,800,0.2108425876397358,0.01761214775697364,0.002451170152364963,-7530.794146243019,False,94,,,,,
gamma,matr,normalised,fair,truncH,1.0,200,800,,,,-9618.517134432925,True,94,42.494993272978505,1.1995524849502506,0.002684790952592755,0.03172588832487311,0.09511061408414687
wiener,matr,normalised,fair,truncH,1.0,200,1000,0.23691271576142928,0.016364482732169363,0.002720223103667723,-6918.4919802677505,True,80,,,,,
gamma,matr,normalised,fair,truncH,1.0,200,1000,,,,-8544.142649239697,True,80,36.38484273028424,1.285205478149825,0.004454134741780297,0.03172588832487311,0.1260988961177448
wiener,matr,normalised,fair,truncH,1.0,300,500,16.027762591061645,1.6681005372000487e-21,0.06464586830439444,-3187674473.858164,False,95,,,,,
gamma,matr,normalised,fair,truncH,1.0,300,500,,,,-7234.373667444508,True,95,66.60968801855932,1.2929604485166286,0.0010762463152669884,0.03172588832487311,0.055445185019622166
wiener,matr,normalised,fair,truncH,1.0,300,800,0.20198257461829627,0.01461302312791511,0.002421621552344063,-7496.081261435313,True,92,,,,,
gamma,matr,normalised,fair,truncH,1.0,300,800,,,,-9572.9977236626,True,92,42.27932308701881,1.215144403398247,0.0026884261292878,0.03172588832487311,0.09354018880214535
wiener,matr,normalised,fair,truncH,1.0,300,1000,0.22708966100806885,0.013455911203468878,0.002689973129304653,-6881.713628903385,False,78,,,,,
gamma,matr,normalised,fair,truncH,1.0,300,1000,,,,-8499.202923879331,True,78,36.18205615588681,1.2944990896135582,0.004432369208263064,0.03172588832487311,0.12388748117611505
wiener,matr,cycle,published,truncH,1.0,150,500,0.00021434475300533375,2.7524284477211067e-08,2.930421485479225e-06,-5281.229235100247,True,97,,,,,
gamma,matr,cycle,published,truncH,1.0,150,500,,,,-7281.510134429656,False,97,0.0851029002877845,1.251019820212915,0.0010532002949234962,25.0,7.164586702286223e-05
wiener,matr,cycle,published,truncH,1.0,150,800,0.00026756673750442933,2.836350380959401e-08,3.110622012836961e-06,-7530.794146243019,True,94,,,,,
gamma,matr,cycle,published,truncH,1.0,150,800,,,,-9618.517134432923,True,94,0.05392765444538719,1.1995524017491632,0.0026847908526869747,25.0,0.00012069874825869864
wiener,matr,cycle,published,truncH,1.0,150,1000,0.00030065064188019035,2.6354202397435857e-08,3.4520597915246496e-06,-6918.4919802677505,True,80,,,,,
gamma,matr,cycle,published,truncH,1.0,150,1000,,,,-8544.1426492397,True,80,0.046173658206767894,1.2852058205723136,0.004454135466777005,25.0,0.00016002396297740083
wiener,matr,cycle,published,truncH,1.0,200,500,0.00021434475300533375,2.7524284477211067e-08,2.930421485479225e-06,-5281.229235100247,True,97,,,,,
gamma,matr,cycle,published,truncH,1.0,200,500,,,,-7281.510134429656,False,97,0.0851029002877845,1.251019820212915,0.0010532002949234962,25.0,7.164586702286223e-05
wiener,matr,cycle,published,truncH,1.0,200,800,0.00026756673750442933,2.836350380959401e-08,3.110622012836961e-06,-7530.794146243019,True,94,,,,,
gamma,matr,cycle,published,truncH,1.0,200,800,,,,-9618.517134432923,True,94,0.05392765444538719,1.1995524017491632,0.0026847908526869747,25.0,0.00012069874825869864
wiener,matr,cycle,published,truncH,1.0,200,1000,0.00030065064188019035,2.6354202397435857e-08,3.4520597915246496e-06,-6918.4919802677505,True,80,,,,,
gamma,matr,cycle,published,truncH,1.0,200,1000,,,,-8544.1426492397,True,80,0.046173658206767894,1.2852058205723136,0.004454135466777005,25.0,0.00016002396297740083
wiener,matr,cycle,published,truncH,1.0,300,500,0.00021434475300533375,2.7524284477211067e-08,2.930421485479225e-06,-5281.229235100247,True,97,,,,,
gamma,matr,cycle,published,truncH,1.0,300,500,,,,-7281.510134429656,False,97,0.0851029002877845,1.251019820212915,0.0010532002949234962,25.0,7.164586702286223e-05
wiener,matr,cycle,published,truncH,1.0,300,800,0.00026756673750442933,2.836350380959401e-08,3.110622012836961e-06,-7530.794146243019,True,94,,,,,
gamma,matr,cycle,published,truncH,1.0,300,800,,,,-9618.517134432923,True,94,0.05392765444538719,1.1995524017491632,0.0026847908526869747,25.0,0.00012069874825869864
wiener,matr,cycle,published,truncH,1.0,300,1000,0.00030065064188019035,2.6354202397435857e-08,3.4520597915246496e-06,-6918.4919802677505,True,80,,,,,
gamma,matr,cycle,published,truncH,1.0,300,1000,,,,-8544.1426492397,True,80,0.046173658206767894,1.2852058205723136,0.004454135466777005,25.0,0.00016002396297740083
wiener,matr,normalised,published,truncH,1.0,150,500,0.16890366651546962,0.017091038923996348,0.0023091721442574102,-5281.229235100246,False,97,,,,,
gamma,matr,normalised,published,truncH,1.0,150,500,,,,-7281.510134429656,True,97,67.06108334544687,1.25101957419385,0.0010531999282809602,0.03172588832487311,0.05645693291040703
wiener,matr,normalised,published,truncH,1.0,150,800,0.2108425876397358,0.01761214775697364,0.002451170152364963,-7530.794146243019,False,94,,,,,
gamma,matr,normalised,published,truncH,1.0,150,800,,,,-9618.517134432925,True,94,42.494993272978505,1.1995524849502506,0.002684790952592755,0.03172588832487311,0.09511061408414687
wiener,matr,normalised,published,truncH,1.0,150,1000,0.23691271576142928,0.016364482732169363,0.002720223103667723,-6918.4919802677505,True,80,,,,,
gamma,matr,normalised,published,truncH,1.0,150,1000,,,,-8544.142649239697,True,80,36.38484273028424,1.285205478149825,0.004454134741780297,0.03172588832487311,0.1260988961177448
wiener,matr,normalised,published,truncH,1.0,200,500,0.16890366651546962,0.017091038923996348,0.0023091721442574102,-5281.229235100246,False,97,,,,,
gamma,matr,normalised,published,truncH,1.0,200,500,,,,-7281.510134429656,True,97,67.06108334544687,1.25101957419385,0.0010531999282809602,0.03172588832487311,0.05645693291040703
wiener,matr,normalised,published,truncH,1.0,200,800,0.2108425876397358,0.01761214775697364,0.002451170152364963,-7530.794146243019,False,94,,,,,
gamma,matr,normalised,published,truncH,1.0,200,800,,,,-9618.517134432925,True,94,42.494993272978505,1.1995524849502506,0.002684790952592755,0.03172588832487311,0.09511061408414687
wiener,matr,normalised,published,truncH,1.0,200,1000,0.23691271576142928,0.016364482732169363,0.002720223103667723,-6918.4919802677505,True,80,,,,,
gamma,matr,normalised,published,truncH,1.0,200,1000,,,,-8544.142649239697,True,80,36.38484273028424,1.285205478149825,0.004454134741780297,0.03172588832487311,0.1260988961177448
wiener,matr,normalised,published,truncH,1.0,300,500,0.16890366651546962,0.017091038923996348,0.0023091721442574102,-5281.229235100246,False,97,,,,,
gamma,matr,normalised,published,truncH,1.0,300,500,,,,-7281.510134429656,True,97,67.06108334544687,1.25101957419385,0.0010531999282809602,0.03172588832487311,0.05645693291040703
wiener,matr,normalised,published,truncH,1.0,300,800,0.2108425876397358,0.01761214775697364,0.002451170152364963,-7530.794146243019,False,94,,,,,
gamma,matr,normalised,published,truncH,1.0,300,800,,,,-9618.517134432925,True,94,42.494993272978505,1.1995524849502506,0.002684790952592755,0.03172588832487311,0.09511061408414687
wiener,matr,normalised,published,truncH,1.0,300,1000,0.23691271576142928,0.016364482732169363,0.002720223103667723,-6918.4919802677505,True,80,,,,,
gamma,matr,normalised,published,truncH,1.0,300,1000,,,,-8544.142649239697,True,80,36.38484273028424,1.285205478149825,0.004454134741780297,0.03172588832487311,0.1260988961177448
wiener,matr,power,fair,full,1.25,150,500,5.9502983887214445e-05,1.2091352754365369e-09,4.7551871936045897e-07,-10034.626392081364,True,97,,,,,
gamma,matr,power,fair,full,1.25,150,500,,,,-12114.202297466403,True,97,0.00832287283540005,2.2324259441402607,0.010226973656978807,144.91656807978006,3.8127939455927123e-05
wiener,matr,power,fair,full,1.25,150,800,5.980623935470028e-05,1.252496681160892e-09,4.803015073103504e-07,-9744.430040979323,False,94,,,,,
gamma,matr,power,fair,full,1.25,150,800,,,,-11785.795933604872,True,94,0.008281229361028845,2.1658561845283324,0.009928094571980057,144.91656807978006,3.796042823889392e-05
wiener,matr,power,fair,full,1.25,150,1000,6.342740238138476e-05,1.428938814753381e-09,5.108515263052687e-07,-8152.02952350265,True,80,,,,,
gamma,matr,power,fair,full,1.25,150,1000,,,,-9909.269926599562,True,80,0.008491539510712541,1.8520991464228849,0.008333584059445873,144.91656807978006,3.820797522816376e-05
wiener,matr,power,fair,full,1.25,200,500,5.9502983887214445e-05,1.2091352754365369e-09,4.7551871936045897e-07,-10034.626392081364,True,97,,,,,
gamma,matr,power,fair,full,1.25,200,500,,,,-12114.202297466403,True,97,0.00832287283540005,2.2324259441402607,0.010226973656978807,144.91656807978006,3.8127939455927123e-05
wiener,matr,power,fair,full,1.25,200,800,5.980623935470028e-05,1.252496681160892e-09,4.803015073103504e-07,-9744.430040979323,False,94,,,,,
gamma,matr,power,fair,full,1.25,200,800,,,,-11785.795933604872,True,94,0.008281229361028845,2.1658561845283324,0.009928094571980057,144.91656807978006,3.796042823889392e-05
wiener,matr,power,fair,full,1.25,200,1000,6.342740238138476e-05,1.428938814753381e-09,5.108515263052687e-07,-8152.02952350265,True,80,,,,,
gamma,matr,power,fair,full,1.25,200,1000,,,,-9909.269926599562,True,80,0.008491539510712541,1.8520991464228849,0.008333584059445873,144.91656807978006,3.820797522816376e-05
wiener,matr,power,fair,full,1.5,300,500,1.1257739580812839e-05,4.715685268922213e-11,8.274529875019552e-08,-10046.97529066134,True,95,,,,,
gamma,matr,power,fair,full,1.5,300,500,,,,-12324.293870874288,True,95,0.0017540562866465224,1.8022763510235071,0.0065878071399085355,806.4434448907086,6.4115497728243215e-06
wiener,matr,power,fair,full,1.5,300,800,1.1312744801932235e-05,4.881974492596245e-11,8.299749107623198e-08,-9762.856016495734,True,92,,,,,
gamma,matr,power,fair,full,1.5,300,800,,,,-11988.916356261245,True,92,0.0017426115911215602,1.7520816791375662,0.006401900991966327,806.4434448907086,6.367298400896761e-06
wiener,matr,power,fair,full,1.5,300,1000,1.204434435561052e-05,5.53624361074995e-11,8.781124752320837e-08,-8162.052621831026,True,78,,,,,
gamma,matr,power,fair,full,1.5,300,1000,,,,-10072.926869079784,True,78,0.0017817335484836317,1.501458392334772,0.005343793197186176,806.4434448907086,6.341311663508504e-06
